種別,年,月,URL
kirara,2007,1,https://www.dokidokivisual.com/magazine/kirara/2007/01/10435/
kirara,2007,2,https://www.dokidokivisual.com/magazine/kirara/2007/02/10436/
kirara,2007,3,https://www.dokidokivisual.com/magazine/kirara/2007/03/10437/
kirara,2007,4,https://www.dokidokivisual.com/magazine/kirara/2007/04/10438/
kirara,2007,5,https://www.dokidokivisual.com/magazine/kirara/2007/05/10439/
kirara,2007,6,https://www.dokidokivisual.com/magazine/kirara/2007/06/10440/
kirara,2007,7,https://www.dokidokivisual.com/magazine/kirara/2007/07/10441/
kirara,2007,8,https://www.dokidokivisual.com/magazine/kirara/2007/08/10442/
kirara,2007,9,https://www.dokidokivisual.com/magazine/kirara/2007/09/10443/
kirara,2007,10,https://www.dokidokivisual.com/magazine/kirara/2007/10/10444/
kirara,2007,11,https://www.dokidokivisual.com/magazine/kirara/2007/11/10445/
kirara,2007,12,https://www.dokidokivisual.com/magazine/kirara/2007/12/10446/
kirara,2008,1,https://www.dokidokivisual.com/magazine/kirara/2008/01/10447/
kirara,2008,2,https://www.dokidokivisual.com/magazine/kirara/2008/02/10448/
kirara,2008,3,https://www.dokidokivisual.com/magazine/kirara/2008/03/10449/
kirara,2008,4,https://www.dokidokivisual.com/magazine/kirara/2008/04/10450/
kirara,2008,5,https://www.dokidokivisual.com/magazine/kirara/2008/05/10451/
kirara,2008,6,https://www.dokidokivisual.com/magazine/kirara/2008/06/10452/
kirara,2008,7,https://www.dokidokivisual.com/magazine/kirara/2008/07/10453/
kirara,2008,8,https://www.dokidokivisual.com/magazine/kirara/2008/08/10454/
kirara,2008,9,https://www.dokidokivisual.com/magazine/kirara/2008/09/10455/
kirara,2008,10,https://www.dokidokivisual.com/magazine/kirara/2008/10/10456/
kirara,2008,11,https://www.dokidokivisual.com/magazine/kirara/2008/11/10457/
kirara,2008,12,https://www.dokidokivisual.com/magazine/kirara/2008/12/10458/
kirara,2009,1,https://www.dokidokivisual.com/magazine/kirara/2009/01/10459/
kirara,2009,2,https://www.dokidokivisual.com/magazine/kirara/2009/02/10460/
kirara,2009,3,https://www.dokidokivisual.com/magazine/kirara/2009/03/10461/
kirara,2009,4,https://www.dokidokivisual.com/magazine/kirara/2009/04/10462/
kirara,2009,5,https://www.dokidokivisual.com/magazine/kirara/2009/05/10463/
kirara,2009,6,https://www.dokidokivisual.com/magazine/kirara/2009/06/10464/
kirara,2009,7,https://www.dokidokivisual.com/magazine/kirara/2009/07/10465/
kirara,2009,8,https://www.dokidokivisual.com/magazine/kirara/2009/08/10466/
kirara,2009,9,https://www.dokidokivisual.com/magazine/kirara/2009/09/10467/
kirara,2009,10,https://www.dokidokivisual.com/magazine/kirara/2009/10/10468/
kirara,2009,11,https://www.dokidokivisual.com/magazine/kirara/2009/11/10469/
kirara,2009,12,https://www.dokidokivisual.com/magazine/kirara/2009/12/10470/
kirara,2010,1,https://www.dokidokivisual.com/magazine/kirara/2010/01/10471/
kirara,2010,2,https://www.dokidokivisual.com/magazine/kirara/2010/02/10472/
kirara,2010,3,https://www.dokidokivisual.com/magazine/kirara/2010/03/10473/
kirara,2010,4,https://www.dokidokivisual.com/magazine/kirara/2010/04/10474/
kirara,2010,5,https://www.dokidokivisual.com/magazine/kirara/2010/05/10475/
kirara,2010,6,https://www.dokidokivisual.com/magazine/kirara/2010/06/10476/
kirara,2010,7,https://www.dokidokivisual.com/magazine/kirara/2010/07/10477/
kirara,2010,8,https://www.dokidokivisual.com/magazine/kirara/2010/08/10478/
kirara,2010,9,https://www.dokidokivisual.com/magazine/kirara/2010/09/10479/
kirara,2010,10,https://www.dokidokivisual.com/magazine/kirara/2010/10/10480/
kirara,2010,11,https://www.dokidokivisual.com/magazine/kirara/2010/11/10481/
kirara,2010,12,https://www.dokidokivisual.com/magazine/kirara/2010/12/10482/
kirara,2011,1,https://www.dokidokivisual.com/magazine/kirara/2011/01/10483/
kirara,2011,2,https://www.dokidokivisual.com/magazine/kirara/2011/02/10484/
kirara,2011,3,https://www.dokidokivisual.com/magazine/kirara/2011/03/10485/
kirara,2011,4,https://www.dokidokivisual.com/magazine/kirara/2011/04/10486/
kirara,2011,5,https://www.dokidokivisual.com/magazine/kirara/2011/05/10487/
kirara,2011,6,https://www.dokidokivisual.com/magazine/kirara/2011/06/10488/
kirara,2011,7,https://www.dokidokivisual.com/magazine/kirara/2011/07/10489/
kirara,2011,8,https://www.dokidokivisual.com/magazine/kirara/2011/08/10490/
kirara,2011,9,https://www.dokidokivisual.com/magazine/kirara/2011/09/10491/
kirara,2011,10,https://www.dokidokivisual.com/magazine/kirara/2011/10/10492/
kirara,2011,11,https://www.dokidokivisual.com/magazine/kirara/2011/11/10493/
kirara,2011,12,https://www.dokidokivisual.com/magazine/kirara/2011/12/10494/
kirara,2012,1,https://www.dokidokivisual.com/magazine/kirara/2012/01/10495/
kirara,2012,2,https://www.dokidokivisual.com/magazine/kirara/2012/02/10496/
kirara,2012,3,https://www.dokidokivisual.com/magazine/kirara/2012/03/10497/
kirara,2012,4,https://www.dokidokivisual.com/magazine/kirara/2012/04/10498/
kirara,2012,5,https://www.dokidokivisual.com/magazine/kirara/2012/05/10499/
kirara,2012,6,https://www.dokidokivisual.com/magazine/kirara/2012/06/10500/
kirara,2012,7,https://www.dokidokivisual.com/magazine/kirara/2012/07/10501/
kirara,2012,8,https://www.dokidokivisual.com/magazine/kirara/2012/08/10502/
kirara,2012,9,https://www.dokidokivisual.com/magazine/kirara/2012/09/10503/
kirara,2012,10,https://www.dokidokivisual.com/magazine/kirara/2012/10/10504/
kirara,2012,11,https://www.dokidokivisual.com/magazine/kirara/2012/11/10505/
kirara,2012,12,https://www.dokidokivisual.com/magazine/kirara/2012/12/10506/
kirara,2013,1,https://www.dokidokivisual.com/magazine/kirara/2013/01/10507/
kirara,2013,2,https://www.dokidokivisual.com/magazine/kirara/2013/02/10508/
kirara,2013,3,https://www.dokidokivisual.com/magazine/kirara/2013/03/10509/
kirara,2013,4,https://www.dokidokivisual.com/magazine/kirara/2013/04/10510/
kirara,2013,5,https://www.dokidokivisual.com/magazine/kirara/2013/05/10511/
kirara,2013,6,https://www.dokidokivisual.com/magazine/kirara/2013/06/10512/
kirara,2013,7,https://www.dokidokivisual.com/magazine/kirara/2013/07/10513/
kirara,2013,8,https://www.dokidokivisual.com/magazine/kirara/2013/08/10514/
kirara,2013,9,https://www.dokidokivisual.com/magazine/kirara/2013/09/10515/
kirara,2013,10,https://www.dokidokivisual.com/magazine/kirara/2013/10/10516/
kirara,2013,11,https://www.dokidokivisual.com/magazine/kirara/2013/11/10517/
kirara,2013,12,https://www.dokidokivisual.com/magazine/kirara/2013/12/10518/
kirara,2014,1,https://www.dokidokivisual.com/magazine/kirara/2014/01/10519/
kirara,2014,2,https://www.dokidokivisual.com/magazine/kirara/2014/02/10520/
kirara,2014,3,https://www.dokidokivisual.com/magazine/kirara/2014/03/10521/
kirara,2014,4,https://www.dokidokivisual.com/magazine/kirara/2014/04/10522/
kirara,2014,5,https://www.dokidokivisual.com/magazine/kirara/2014/05/10523/
kirara,2014,6,https://www.dokidokivisual.com/magazine/kirara/2014/06/10524/
kirara,2014,7,https://www.dokidokivisual.com/magazine/kirara/2014/07/10525/
kirara,2014,8,https://www.dokidokivisual.com/magazine/kirara/2014/08/10526/
kirara,2014,9,https://www.dokidokivisual.com/magazine/kirara/2014/09/10527/
kirara,2014,10,https://www.dokidokivisual.com/magazine/kirara/2014/10/10528/
kirara,2014,11,https://www.dokidokivisual.com/magazine/kirara/2014/11/10529/
kirara,2014,12,https://www.dokidokivisual.com/magazine/kirara/2014/12/10530/
kirara,2015,1,https://www.dokidokivisual.com/magazine/kirara/2015/01/10531/
kirara,2015,2,https://www.dokidokivisual.com/magazine/kirara/2015/02/10532/
kirara,2015,3,https://www.dokidokivisual.com/magazine/kirara/2015/03/10533/
kirara,2015,4,https://www.dokidokivisual.com/magazine/kirara/2015/04/10534/
kirara,2015,5,https://www.dokidokivisual.com/magazine/kirara/2015/05/10535/
kirara,2015,6,https://www.dokidokivisual.com/magazine/kirara/2015/06/10536/
kirara,2015,7,https://www.dokidokivisual.com/magazine/kirara/2015/07/10537/
kirara,2015,8,https://www.dokidokivisual.com/magazine/kirara/2015/08/10538/
kirara,2015,9,https://www.dokidokivisual.com/magazine/kirara/2015/09/10539/
kirara,2015,10,https://www.dokidokivisual.com/magazine/kirara/2015/10/10540/
kirara,2015,11,https://www.dokidokivisual.com/magazine/kirara/2015/11/10541/
kirara,2015,12,https://www.dokidokivisual.com/magazine/kirara/2015/12/10542/
kirara,2016,1,https://www.dokidokivisual.com/magazine/kirara/2016/01/10543/
kirara,2016,2,https://www.dokidokivisual.com/magazine/kirara/2016/02/10544/
kirara,2016,3,https://www.dokidokivisual.com/magazine/kirara/2016/03/10545/
kirara,2016,4,https://www.dokidokivisual.com/magazine/kirara/2016/04/10546/
kirara,2016,5,https://www.dokidokivisual.com/magazine/kirara/2016/05/10547/
kirara,2016,6,https://www.dokidokivisual.com/magazine/kirara/2016/06/10548/
kirara,2016,7,https://www.dokidokivisual.com/magazine/kirara/2016/07/10549/
kirara,2016,8,https://www.dokidokivisual.com/magazine/kirara/2016/08/10550/
kirara,2016,9,https://www.dokidokivisual.com/magazine/kirara/2016/09/10551/
kirara,2016,10,https://www.dokidokivisual.com/magazine/kirara/2016/10/10552/
kirara,2016,11,https://www.dokidokivisual.com/magazine/kirara/2016/11/10553/
kirara,2016,12,https://www.dokidokivisual.com/magazine/kirara/2016/12/10554/
kirara,2017,1,https://www.dokidokivisual.com/magazine/kirara/2017/01/10555/
kirara,2017,2,https://www.dokidokivisual.com/magazine/kirara/2017/02/10556/
kirara,2017,3,https://www.dokidokivisual.com/magazine/kirara/2017/03/10557/
kirara,2017,4,https://www.dokidokivisual.com/magazine/kirara/2017/04/10558/
kirara,2017,5,https://www.dokidokivisual.com/magazine/kirara/2017/05/10559/
kirara,2017,6,https://www.dokidokivisual.com/magazine/kirara/2017/06/10560/
kirara,2017,7,https://www.dokidokivisual.com/magazine/kirara/2017/07/10561/
kirara,2017,8,https://www.dokidokivisual.com/magazine/kirara/2017/08/10562/
kirara,2017,9,https://www.dokidokivisual.com/magazine/kirara/2017/09/10563/
kirara,2017,10,https://www.dokidokivisual.com/magazine/kirara/2017/10/10564/
kirara,2017,11,https://www.dokidokivisual.com/magazine/kirara/2017/11/10565/
kirara,2017,12,https://www.dokidokivisual.com/magazine/kirara/2017/12/10566/
kirara,2018,1,https://www.dokidokivisual.com/magazine/kirara/2018/01/10567/
kirara,2018,2,https://www.dokidokivisual.com/magazine/kirara/2018/02/10568/
kirara,2018,3,https://www.dokidokivisual.com/magazine/kirara/2018/03/10569/
kirara,2018,4,https://www.dokidokivisual.com/magazine/kirara/2018/04/10570/
kirara,2018,5,https://www.dokidokivisual.com/magazine/kirara/2018/05/10571/
kirara,2018,6,https://www.dokidokivisual.com/magazine/kirara/2018/06/10572/
kirara,2018,7,https://www.dokidokivisual.com/magazine/kirara/2018/07/10573/
kirara,2018,8,https://www.dokidokivisual.com/magazine/kirara/2018/08/10574/
kirara,2018,9,https://www.dokidokivisual.com/magazine/kirara/2018/09/10575/
kirara,2018,10,https://www.dokidokivisual.com/magazine/kirara/2018/10/10576/
kirara,2018,11,https://www.dokidokivisual.com/magazine/kirara/2018/11/10577/
kirara,2018,12,https://www.dokidokivisual.com/magazine/kirara/2018/12/10578/
kirara,2019,1,https://www.dokidokivisual.com/magazine/kirara/2019/01/10579/
kirara,2019,2,https://www.dokidokivisual.com/magazine/kirara/2019/02/10580/
kirara,2019,3,https://www.dokidokivisual.com/magazine/kirara/2019/03/10581/
kirara,2019,4,https://www.dokidokivisual.com/magazine/kirara/2019/04/10582/
kirara,2019,5,https://www.dokidokivisual.com/magazine/kirara/2019/05/10583/
kirara,2019,6,https://www.dokidokivisual.com/magazine/kirara/2019/06/10584/
kirara,2019,7,https://www.dokidokivisual.com/magazine/kirara/2019/07/10585/
kirara,2019,8,https://www.dokidokivisual.com/magazine/kirara/2019/08/10586/
kirara,2019,9,https://www.dokidokivisual.com/magazine/kirara/2019/09/10587/
kirara,2019,10,https://www.dokidokivisual.com/magazine/kirara/2019/10/10588/
kirara,2019,11,https://www.dokidokivisual.com/magazine/kirara/2019/11/10589/
kirara,2019,12,https://www.dokidokivisual.com/magazine/kirara/2019/12/10590/
kirara,2020,1,https://www.dokidokivisual.com/magazine/kirara/2020/01/10591/
kirara,2020,2,https://www.dokidokivisual.com/magazine/kirara/2020/02/10592/
kirara,2020,3,https://www.dokidokivisual.com/magazine/kirara/2020/03/10593/
kirara,2020,4,https://www.dokidokivisual.com/magazine/kirara/2020/04/10594/
kirara,2020,5,https://www.dokidokivisual.com/magazine/kirara/2020/05/10595/
kirara,2020,6,https://www.dokidokivisual.com/magazine/kirara/2020/06/10596/
kirara,2020,7,https://www.dokidokivisual.com/magazine/kirara/2020/07/10597/
kirara,2020,8,https://www.dokidokivisual.com/magazine/kirara/2020/08/10598/
kirara,2020,9,https://www.dokidokivisual.com/magazine/kirara/2020/09/10599/
kirara,2020,10,https://www.dokidokivisual.com/magazine/kirara/2020/10/10600/
kirara,2020,11,https://www.dokidokivisual.com/magazine/kirara/2020/11/10601/
kirara,2020,12,https://www.dokidokivisual.com/magazine/kirara/2020/12/10602/
kirara,2021,1,https://www.dokidokivisual.com/magazine/kirara/2021/01/10603/
kirara,2021,2,https://www.dokidokivisual.com/magazine/kirara/2021/02/10604/
kirara,2021,3,https://www.dokidokivisual.com/magazine/kirara/2021/03/10605/
kirara,2021,4,https://www.dokidokivisual.com/magazine/kirara/2021/04/10606/
kirara,2021,5,https://www.dokidokivisual.com/magazine/kirara/2021/05/10607/
kirara,2021,6,https://www.dokidokivisual.com/magazine/kirara/2021/06/10608/
kirara,2021,7,https://www.dokidokivisual.com/magazine/kirara/2021/07/10609/
kirara,2021,8,https://www.dokidokivisual.com/magazine/kirara/2021/08/10610/
kirara,2021,9,https://www.dokidokivisual.com/magazine/kirara/2021/09/10611/
kirara,2021,10,https://www.dokidokivisual.com/magazine/kirara/2021/10/10612/
kirara,2021,11,https://www.dokidokivisual.com/magazine/kirara/2021/11/10613/
kirara,2021,12,https://www.dokidokivisual.com/magazine/kirara/2021/12/10614/
kirara,2022,1,https://www.dokidokivisual.com/magazine/kirara/2022/01/10615/
kirara,2022,2,https://www.dokidokivisual.com/magazine/kirara/2022/02/10616/
kirara,2022,3,https://www.dokidokivisual.com/magazine/kirara/2022/03/10617/
kirara,2022,4,https://www.dokidokivisual.com/magazine/kirara/2022/04/10618/
kirara,2022,5,https://www.dokidokivisual.com/magazine/kirara/2022/05/10619/
kirara,2022,6,https://www.dokidokivisual.com/magazine/kirara/2022/06/10620/
kirara,2022,7,https://www.dokidokivisual.com/magazine/kirara/2022/07/10621/
kirara,2022,8,https://www.dokidokivisual.com/magazine/kirara/2022/08/10622/
kirara,2022,9,https://www.dokidokivisual.com/magazine/kirara/2022/09/10623/
kirara,2022,10,https://www.dokidokivisual.com/magazine/kirara/2022/10/10624/
kirara,2022,11,https://www.dokidokivisual.com/magazine/kirara/2022/11/10625/
kirara,2022,12,https://www.dokidokivisual.com/magazine/kirara/2022/12/10626/
kirara,2023,1,https://www.dokidokivisual.com/magazine/kirara/2023/01/10627/
kirara,2023,2,https://www.dokidokivisual.com/magazine/kirara/2023/02/10628/
kirara,2023,3,https://www.dokidokivisual.com/magazine/kirara/2023/03/10629/
kirara,2023,4,https://www.dokidokivisual.com/magazine/kirara/2023/04/10630/
kirara,2023,5,https://www.dokidokivisual.com/magazine/kirara/2023/05/10631/
kirara,2023,6,https://www.dokidokivisual.com/magazine/kirara/2023/06/10632/
kirara,2023,7,https://www.dokidokivisual.com/magazine/kirara/2023/07/10633/
kirara,2023,8,https://www.dokidokivisual.com/magazine/kirara/2023/08/10634/
kirara,2023,9,https://www.dokidokivisual.com/magazine/kirara/2023/09/10635/
kirara,2023,10,https://www.dokidokivisual.com/magazine/kirara/2023/10/10636/
kirara,2023,11,https://www.dokidokivisual.com/magazine/kirara/2023/11/10637/
kirara,2023,12,https://www.dokidokivisual.com/magazine/kirara/2023/12/10638/
kirara,2024,1,https://www.dokidokivisual.com/magazine/kirara/2024/01/10639/
kirara,2024,2,https://www.dokidokivisual.com/magazine/kirara/2024/02/10640/
kirara,2024,3,https://www.dokidokivisual.com/magazine/kirara/2024/03/10641/
kirara,2024,4,https://www.dokidokivisual.com/magazine/kirara/2024/04/10642/
kirara,2024,5,https://www.dokidokivisual.com/magazine/kirara/2024/05/10643/
kirara,2024,6,https://www.dokidokivisual.com/magazine/kirara/2024/06/10644/
kirara,2024,7,https://www.dokidokivisual.com/magazine/kirara/2024/07/10645/
kirara,2024,8,https://www.dokidokivisual.com/magazine/kirara/2024/08/10646/
kirara,2024,9,https://www.dokidokivisual.com/magazine/kirara/2024/09/10647/
kirara,2024,10,https://www.dokidokivisual.com/magazine/kirara/2024/10/11370/
kirara,2024,11,https://www.dokidokivisual.com/magazine/kirara/2024/11/11371/
kirara,2024,12,https://www.dokidokivisual.com/magazine/kirara/2024/12/11372/
kirara,2025,1,https://www.dokidokivisual.com/magazine/kirara/2025/01/11374/
kirara,2025,2,https://www.dokidokivisual.com/magazine/kirara/2025/02/11643/
kirara,2025,3,https://www.dokidokivisual.com/magazine/kirara/2025/03/12071/
kirara,2025,4,https://www.dokidokivisual.com/magazine/kirara/2025/04/12219/
kirara,2025,5,https://www.dokidokivisual.com/magazine/kirara/2025/05/12320/
kirara,2025,6,https://www.dokidokivisual.com/magazine/kirara/2025/06/12386/
kirara,2025,7,https://www.dokidokivisual.com/magazine/kirara/2025/07/12452/
kirara,2025,8,https://www.dokidokivisual.com/magazine/kirara/2025/08/12537/
kirara-carat,2007,1,https://www.dokidokivisual.com/magazine/kirara-carat/2007/01/10861/
kirara-carat,2007,2,https://www.dokidokivisual.com/magazine/kirara-carat/2007/02/10862/
kirara-carat,2007,3,https://www.dokidokivisual.com/magazine/kirara-carat/2007/03/10863/
kirara-carat,2007,4,https://www.dokidokivisual.com/magazine/kirara-carat/2007/04/10864/
kirara-carat,2007,5,https://www.dokidokivisual.com/magazine/kirara-carat/2007/05/10865/
kirara-carat,2007,6,https://www.dokidokivisual.com/magazine/kirara-carat/2007/06/10866/
kirara-carat,2007,7,https://www.dokidokivisual.com/magazine/kirara-carat/2007/07/10867/
kirara-carat,2007,8,https://www.dokidokivisual.com/magazine/kirara-carat/2007/08/10868/
kirara-carat,2007,9,https://www.dokidokivisual.com/magazine/kirara-carat/2007/09/10869/
kirara-carat,2007,10,https://www.dokidokivisual.com/magazine/kirara-carat/2007/10/10870/
kirara-carat,2007,11,https://www.dokidokivisual.com/magazine/kirara-carat/2007/11/10871/
kirara-carat,2007,12,https://www.dokidokivisual.com/magazine/kirara-carat/2007/12/10872/
kirara-carat,2008,1,https://www.dokidokivisual.com/magazine/kirara-carat/2008/01/10873/
kirara-carat,2008,2,https://www.dokidokivisual.com/magazine/kirara-carat/2008/02/10874/
kirara-carat,2008,3,https://www.dokidokivisual.com/magazine/kirara-carat/2008/03/10875/
kirara-carat,2008,4,https://www.dokidokivisual.com/magazine/kirara-carat/2008/04/10876/
kirara-carat,2008,5,https://www.dokidokivisual.com/magazine/kirara-carat/2008/05/10877/
kirara-carat,2008,6,https://www.dokidokivisual.com/magazine/kirara-carat/2008/06/10878/
kirara-carat,2008,7,https://www.dokidokivisual.com/magazine/kirara-carat/2008/07/10879/
kirara-carat,2008,8,https://www.dokidokivisual.com/magazine/kirara-carat/2008/08/10880/
kirara-carat,2008,9,https://www.dokidokivisual.com/magazine/kirara-carat/2008/09/10881/
kirara-carat,2008,10,https://www.dokidokivisual.com/magazine/kirara-carat/2008/10/10882/
kirara-carat,2008,11,https://www.dokidokivisual.com/magazine/kirara-carat/2008/11/10883/
kirara-carat,2008,12,https://www.dokidokivisual.com/magazine/kirara-carat/2008/12/10884/
kirara-carat,2009,1,https://www.dokidokivisual.com/magazine/kirara-carat/2009/01/10885/
kirara-carat,2009,2,https://www.dokidokivisual.com/magazine/kirara-carat/2009/02/10886/
kirara-carat,2009,3,https://www.dokidokivisual.com/magazine/kirara-carat/2009/03/10887/
kirara-carat,2009,4,https://www.dokidokivisual.com/magazine/kirara-carat/2009/04/10888/
kirara-carat,2009,5,https://www.dokidokivisual.com/magazine/kirara-carat/2009/05/10889/
kirara-carat,2009,6,https://www.dokidokivisual.com/magazine/kirara-carat/2009/06/10890/
kirara-carat,2009,7,https://www.dokidokivisual.com/magazine/kirara-carat/2009/07/10891/
kirara-carat,2009,8,https://www.dokidokivisual.com/magazine/kirara-carat/2009/08/10892/
kirara-carat,2009,9,https://www.dokidokivisual.com/magazine/kirara-carat/2009/09/10893/
kirara-carat,2009,10,https://www.dokidokivisual.com/magazine/kirara-carat/2009/10/10894/
kirara-carat,2009,11,https://www.dokidokivisual.com/magazine/kirara-carat/2009/11/10895/
kirara-carat,2009,12,https://www.dokidokivisual.com/magazine/kirara-carat/2009/12/10896/
kirara-carat,2010,1,https://www.dokidokivisual.com/magazine/kirara-carat/2010/01/10897/
kirara-carat,2010,2,https://www.dokidokivisual.com/magazine/kirara-carat/2010/02/10898/
kirara-carat,2010,3,https://www.dokidokivisual.com/magazine/kirara-carat/2010/03/10899/
kirara-carat,2010,4,https://www.dokidokivisual.com/magazine/kirara-carat/2010/04/10900/
kirara-carat,2010,5,https://www.dokidokivisual.com/magazine/kirara-carat/2010/05/10901/
kirara-carat,2010,6,https://www.dokidokivisual.com/magazine/kirara-carat/2010/06/10902/
kirara-carat,2010,7,https://www.dokidokivisual.com/magazine/kirara-carat/2010/07/10903/
kirara-carat,2010,8,https://www.dokidokivisual.com/magazine/kirara-carat/2010/08/10904/
kirara-carat,2010,9,https://www.dokidokivisual.com/magazine/kirara-carat/2010/09/10905/
kirara-carat,2010,10,https://www.dokidokivisual.com/magazine/kirara-carat/2010/10/10906/
kirara-carat,2010,11,https://www.dokidokivisual.com/magazine/kirara-carat/2010/11/10907/
kirara-carat,2010,12,https://www.dokidokivisual.com/magazine/kirara-carat/2010/12/10908/
kirara-carat,2011,1,https://www.dokidokivisual.com/magazine/kirara-carat/2011/01/10909/
kirara-carat,2011,2,https://www.dokidokivisual.com/magazine/kirara-carat/2011/02/10910/
kirara-carat,2011,3,https://www.dokidokivisual.com/magazine/kirara-carat/2011/03/10911/
kirara-carat,2011,4,https://www.dokidokivisual.com/magazine/kirara-carat/2011/04/10912/
kirara-carat,2011,5,https://www.dokidokivisual.com/magazine/kirara-carat/2011/05/10913/
kirara-carat,2011,6,https://www.dokidokivisual.com/magazine/kirara-carat/2011/06/10914/
kirara-carat,2011,7,https://www.dokidokivisual.com/magazine/kirara-carat/2011/07/10915/
kirara-carat,2011,8,https://www.dokidokivisual.com/magazine/kirara-carat/2011/08/10916/
kirara-carat,2011,9,https://www.dokidokivisual.com/magazine/kirara-carat/2011/09/10917/
kirara-carat,2011,10,https://www.dokidokivisual.com/magazine/kirara-carat/2011/10/10918/
kirara-carat,2011,11,https://www.dokidokivisual.com/magazine/kirara-carat/2011/11/10919/
kirara-carat,2011,12,https://www.dokidokivisual.com/magazine/kirara-carat/2011/12/10920/
kirara-carat,2012,1,https://www.dokidokivisual.com/magazine/kirara-carat/2012/01/10921/
kirara-carat,2012,2,https://www.dokidokivisual.com/magazine/kirara-carat/2012/02/10922/
kirara-carat,2012,3,https://www.dokidokivisual.com/magazine/kirara-carat/2012/03/10923/
kirara-carat,2012,4,https://www.dokidokivisual.com/magazine/kirara-carat/2012/04/10924/
kirara-carat,2012,5,https://www.dokidokivisual.com/magazine/kirara-carat/2012/05/10925/
kirara-carat,2012,6,https://www.dokidokivisual.com/magazine/kirara-carat/2012/06/10926/
kirara-carat,2012,7,https://www.dokidokivisual.com/magazine/kirara-carat/2012/07/10927/
kirara-carat,2012,8,https://www.dokidokivisual.com/magazine/kirara-carat/2012/08/10928/
kirara-carat,2012,9,https://www.dokidokivisual.com/magazine/kirara-carat/2012/09/10929/
kirara-carat,2012,10,https://www.dokidokivisual.com/magazine/kirara-carat/2012/10/10930/
kirara-carat,2012,11,https://www.dokidokivisual.com/magazine/kirara-carat/2012/11/10931/
kirara-carat,2012,12,https://www.dokidokivisual.com/magazine/kirara-carat/2012/12/10932/
kirara-carat,2013,1,https://www.dokidokivisual.com/magazine/kirara-carat/2013/01/10933/
kirara-carat,2013,2,https://www.dokidokivisual.com/magazine/kirara-carat/2013/02/10934/
kirara-carat,2013,3,https://www.dokidokivisual.com/magazine/kirara-carat/2013/03/10935/
kirara-carat,2013,4,https://www.dokidokivisual.com/magazine/kirara-carat/2013/04/10936/
kirara-carat,2013,5,https://www.dokidokivisual.com/magazine/kirara-carat/2013/05/10937/
kirara-carat,2013,6,https://www.dokidokivisual.com/magazine/kirara-carat/2013/06/10938/
kirara-carat,2013,7,https://www.dokidokivisual.com/magazine/kirara-carat/2013/07/10939/
kirara-carat,2013,8,https://www.dokidokivisual.com/magazine/kirara-carat/2013/08/10940/
kirara-carat,2013,9,https://www.dokidokivisual.com/magazine/kirara-carat/2013/09/10941/
kirara-carat,2013,10,https://www.dokidokivisual.com/magazine/kirara-carat/2013/10/10942/
kirara-carat,2013,11,https://www.dokidokivisual.com/magazine/kirara-carat/2013/11/10943/
kirara-carat,2013,12,https://www.dokidokivisual.com/magazine/kirara-carat/2013/12/10944/
kirara-carat,2014,1,https://www.dokidokivisual.com/magazine/kirara-carat/2014/01/10945/
kirara-carat,2014,2,https://www.dokidokivisual.com/magazine/kirara-carat/2014/02/10946/
kirara-carat,2014,3,https://www.dokidokivisual.com/magazine/kirara-carat/2014/03/10947/
kirara-carat,2014,4,https://www.dokidokivisual.com/magazine/kirara-carat/2014/04/10948/
kirara-carat,2014,5,https://www.dokidokivisual.com/magazine/kirara-carat/2014/05/10949/
kirara-carat,2014,6,https://www.dokidokivisual.com/magazine/kirara-carat/2014/06/10950/
kirara-carat,2014,7,https://www.dokidokivisual.com/magazine/kirara-carat/2014/07/10951/
kirara-carat,2014,8,https://www.dokidokivisual.com/magazine/kirara-carat/2014/08/10952/
kirara-carat,2014,9,https://www.dokidokivisual.com/magazine/kirara-carat/2014/09/10953/
kirara-carat,2014,10,https://www.dokidokivisual.com/magazine/kirara-carat/2014/10/10954/
kirara-carat,2014,11,https://www.dokidokivisual.com/magazine/kirara-carat/2014/11/10955/
kirara-carat,2014,12,https://www.dokidokivisual.com/magazine/kirara-carat/2014/12/10956/
kirara-carat,2015,1,https://www.dokidokivisual.com/magazine/kirara-carat/2015/01/10957/
kirara-carat,2015,2,https://www.dokidokivisual.com/magazine/kirara-carat/2015/02/10958/
kirara-carat,2015,3,https://www.dokidokivisual.com/magazine/kirara-carat/2015/03/10959/
kirara-carat,2015,4,https://www.dokidokivisual.com/magazine/kirara-carat/2015/04/10960/
kirara-carat,2015,5,https://www.dokidokivisual.com/magazine/kirara-carat/2015/05/10961/
kirara-carat,2015,6,https://www.dokidokivisual.com/magazine/kirara-carat/2015/06/10962/
kirara-carat,2015,7,https://www.dokidokivisual.com/magazine/kirara-carat/2015/07/10963/
kirara-carat,2015,8,https://www.dokidokivisual.com/magazine/kirara-carat/2015/08/10964/
kirara-carat,2015,9,https://www.dokidokivisual.com/magazine/kirara-carat/2015/09/10965/
kirara-carat,2015,10,https://www.dokidokivisual.com/magazine/kirara-carat/2015/10/10966/
kirara-carat,2015,11,https://www.dokidokivisual.com/magazine/kirara-carat/2015/11/10967/
kirara-carat,2015,12,https://www.dokidokivisual.com/magazine/kirara-carat/2015/12/10968/
kirara-carat,2016,1,https://www.dokidokivisual.com/magazine/kirara-carat/2016/01/10969/
kirara-carat,2016,2,https://www.dokidokivisual.com/magazine/kirara-carat/2016/02/10970/
kirara-carat,2016,3,https://www.dokidokivisual.com/magazine/kirara-carat/2016/03/10971/
kirara-carat,2016,4,https://www.dokidokivisual.com/magazine/kirara-carat/2016/04/10972/
kirara-carat,2016,5,https://www.dokidokivisual.com/magazine/kirara-carat/2016/05/10973/
kirara-carat,2016,6,https://www.dokidokivisual.com/magazine/kirara-carat/2016/06/10974/
kirara-carat,2016,7,https://www.dokidokivisual.com/magazine/kirara-carat/2016/07/10975/
kirara-carat,2016,8,https://www.dokidokivisual.com/magazine/kirara-carat/2016/08/10976/
kirara-carat,2016,9,https://www.dokidokivisual.com/magazine/kirara-carat/2016/09/10977/
kirara-carat,2016,10,https://www.dokidokivisual.com/magazine/kirara-carat/2016/10/10978/
kirara-carat,2016,11,https://www.dokidokivisual.com/magazine/kirara-carat/2016/11/10979/
kirara-carat,2016,12,https://www.dokidokivisual.com/magazine/kirara-carat/2016/12/10980/
kirara-carat,2017,1,https://www.dokidokivisual.com/magazine/kirara-carat/2017/01/10981/
kirara-carat,2017,2,https://www.dokidokivisual.com/magazine/kirara-carat/2017/02/10982/
kirara-carat,2017,3,https://www.dokidokivisual.com/magazine/kirara-carat/2017/03/10983/
kirara-carat,2017,4,https://www.dokidokivisual.com/magazine/kirara-carat/2017/04/10984/
kirara-carat,2017,5,https://www.dokidokivisual.com/magazine/kirara-carat/2017/05/10985/
kirara-carat,2017,6,https://www.dokidokivisual.com/magazine/kirara-carat/2017/06/10986/
kirara-carat,2017,7,https://www.dokidokivisual.com/magazine/kirara-carat/2017/07/10987/
kirara-carat,2017,8,https://www.dokidokivisual.com/magazine/kirara-carat/2017/08/10988/
kirara-carat,2017,9,https://www.dokidokivisual.com/magazine/kirara-carat/2017/09/10989/
kirara-carat,2017,10,https://www.dokidokivisual.com/magazine/kirara-carat/2017/10/10990/
kirara-carat,2017,11,https://www.dokidokivisual.com/magazine/kirara-carat/2017/11/10991/
kirara-carat,2017,12,https://www.dokidokivisual.com/magazine/kirara-carat/2017/12/10992/
kirara-carat,2018,1,https://www.dokidokivisual.com/magazine/kirara-carat/2018/01/10993/
kirara-carat,2018,2,https://www.dokidokivisual.com/magazine/kirara-carat/2018/02/10994/
kirara-carat,2018,3,https://www.dokidokivisual.com/magazine/kirara-carat/2018/03/10995/
kirara-carat,2018,4,https://www.dokidokivisual.com/magazine/kirara-carat/2018/04/10996/
kirara-carat,2018,5,https://www.dokidokivisual.com/magazine/kirara-carat/2018/05/10997/
kirara-carat,2018,6,https://www.dokidokivisual.com/magazine/kirara-carat/2018/06/10998/
kirara-carat,2018,7,https://www.dokidokivisual.com/magazine/kirara-carat/2018/07/10999/
kirara-carat,2018,8,https://www.dokidokivisual.com/magazine/kirara-carat/2018/08/11000/
kirara-carat,2018,9,https://www.dokidokivisual.com/magazine/kirara-carat/2018/09/11001/
kirara-carat,2018,10,https://www.dokidokivisual.com/magazine/kirara-carat/2018/10/11002/
kirara-carat,2018,11,https://www.dokidokivisual.com/magazine/kirara-carat/2018/11/11003/
kirara-carat,2018,12,https://www.dokidokivisual.com/magazine/kirara-carat/2018/12/11004/
kirara-carat,2019,1,https://www.dokidokivisual.com/magazine/kirara-carat/2019/01/11005/
kirara-carat,2019,2,https://www.dokidokivisual.com/magazine/kirara-carat/2019/02/11006/
kirara-carat,2019,3,https://www.dokidokivisual.com/magazine/kirara-carat/2019/03/11007/
kirara-carat,2019,4,https://www.dokidokivisual.com/magazine/kirara-carat/2019/04/11008/
kirara-carat,2019,5,https://www.dokidokivisual.com/magazine/kirara-carat/2019/05/11009/
kirara-carat,2019,6,https://www.dokidokivisual.com/magazine/kirara-carat/2019/06/11010/
kirara-carat,2019,7,https://www.dokidokivisual.com/magazine/kirara-carat/2019/07/11011/
kirara-carat,2019,8,https://www.dokidokivisual.com/magazine/kirara-carat/2019/08/11012/
kirara-carat,2019,9,https://www.dokidokivisual.com/magazine/kirara-carat/2019/09/11013/
kirara-carat,2019,10,https://www.dokidokivisual.com/magazine/kirara-carat/2019/10/11014/
kirara-carat,2019,11,https://www.dokidokivisual.com/magazine/kirara-carat/2019/11/11015/
kirara-carat,2019,12,https://www.dokidokivisual.com/magazine/kirara-carat/2019/12/11016/
kirara-carat,2020,1,https://www.dokidokivisual.com/magazine/kirara-carat/2020/01/11017/
kirara-carat,2020,2,https://www.dokidokivisual.com/magazine/kirara-carat/2020/02/11018/
kirara-carat,2020,3,https://www.dokidokivisual.com/magazine/kirara-carat/2020/03/11019/
kirara-carat,2020,4,https://www.dokidokivisual.com/magazine/kirara-carat/2020/04/11020/
kirara-carat,2020,5,https://www.dokidokivisual.com/magazine/kirara-carat/2020/05/11021/
kirara-carat,2020,6,https://www.dokidokivisual.com/magazine/kirara-carat/2020/06/11022/
kirara-carat,2020,7,https://www.dokidokivisual.com/magazine/kirara-carat/2020/07/11023/
kirara-carat,2020,8,https://www.dokidokivisual.com/magazine/kirara-carat/2020/08/11024/
kirara-carat,2020,9,https://www.dokidokivisual.com/magazine/kirara-carat/2020/09/11025/
kirara-carat,2020,10,https://www.dokidokivisual.com/magazine/kirara-carat/2020/10/11026/
kirara-carat,2020,11,https://www.dokidokivisual.com/magazine/kirara-carat/2020/11/11027/
kirara-carat,2020,12,https://www.dokidokivisual.com/magazine/kirara-carat/2020/12/11028/
kirara-carat,2021,1,https://www.dokidokivisual.com/magazine/kirara-carat/2021/01/11029/
kirara-carat,2021,2,https://www.dokidokivisual.com/magazine/kirara-carat/2021/02/11030/
kirara-carat,2021,3,https://www.dokidokivisual.com/magazine/kirara-carat/2021/03/11031/
kirara-carat,2021,4,https://www.dokidokivisual.com/magazine/kirara-carat/2021/04/11032/
kirara-carat,2021,5,https://www.dokidokivisual.com/magazine/kirara-carat/2021/05/11033/
kirara-carat,2021,6,https://www.dokidokivisual.com/magazine/kirara-carat/2021/06/11034/
kirara-carat,2021,7,https://www.dokidokivisual.com/magazine/kirara-carat/2021/07/11035/
kirara-carat,2021,8,https://www.dokidokivisual.com/magazine/kirara-carat/2021/08/11036/
kirara-carat,2021,9,https://www.dokidokivisual.com/magazine/kirara-carat/2021/09/11037/
kirara-carat,2021,10,https://www.dokidokivisual.com/magazine/kirara-carat/2021/10/11038/
kirara-carat,2021,11,https://www.dokidokivisual.com/magazine/kirara-carat/2021/11/11039/
kirara-carat,2021,12,https://www.dokidokivisual.com/magazine/kirara-carat/2021/12/11040/
kirara-carat,2022,1,https://www.dokidokivisual.com/magazine/kirara-carat/2022/01/11041/
kirara-carat,2022,2,https://www.dokidokivisual.com/magazine/kirara-carat/2022/02/11042/
kirara-carat,2022,3,https://www.dokidokivisual.com/magazine/kirara-carat/2022/03/11043/
kirara-carat,2022,4,https://www.dokidokivisual.com/magazine/kirara-carat/2022/04/11044/
kirara-carat,2022,5,https://www.dokidokivisual.com/magazine/kirara-carat/2022/05/11045/
kirara-carat,2022,6,https://www.dokidokivisual.com/magazine/kirara-carat/2022/06/11046/
kirara-carat,2022,7,https://www.dokidokivisual.com/magazine/kirara-carat/2022/07/11047/
kirara-carat,2022,8,https://www.dokidokivisual.com/magazine/kirara-carat/2022/08/11048/
kirara-carat,2022,9,https://www.dokidokivisual.com/magazine/kirara-carat/2022/09/11049/
kirara-carat,2022,10,https://www.dokidokivisual.com/magazine/kirara-carat/2022/10/11050/
kirara-carat,2022,11,https://www.dokidokivisual.com/magazine/kirara-carat/2022/11/11051/
kirara-carat,2022,12,https://www.dokidokivisual.com/magazine/kirara-carat/2022/12/11052/
kirara-carat,2023,1,https://www.dokidokivisual.com/magazine/kirara-carat/2023/01/11053/
kirara-carat,2023,2,https://www.dokidokivisual.com/magazine/kirara-carat/2023/02/11054/
kirara-carat,2023,3,https://www.dokidokivisual.com/magazine/kirara-carat/2023/03/11055/
kirara-carat,2023,4,https://www.dokidokivisual.com/magazine/kirara-carat/2023/04/11056/
kirara-carat,2023,5,https://www.dokidokivisual.com/magazine/kirara-carat/2023/05/11057/
kirara-carat,2023,6,https://www.dokidokivisual.com/magazine/kirara-carat/2023/06/11058/
kirara-carat,2023,7,https://www.dokidokivisual.com/magazine/kirara-carat/2023/07/11059/
kirara-carat,2023,8,https://www.dokidokivisual.com/magazine/kirara-carat/2023/08/11060/
kirara-carat,2023,9,https://www.dokidokivisual.com/magazine/kirara-carat/2023/09/11061/
kirara-carat,2023,10,https://www.dokidokivisual.com/magazine/kirara-carat/2023/10/11062/
kirara-carat,2023,11,https://www.dokidokivisual.com/magazine/kirara-carat/2023/11/11063/
kirara-carat,2023,12,https://www.dokidokivisual.com/magazine/kirara-carat/2023/12/11064/
kirara-carat,2024,1,https://www.dokidokivisual.com/magazine/kirara-carat/2024/01/11065/
kirara-carat,2024,2,https://www.dokidokivisual.com/magazine/kirara-carat/2024/02/11066/
kirara-carat,2024,3,https://www.dokidokivisual.com/magazine/kirara-carat/2024/03/11067/
kirara-carat,2024,4,https://www.dokidokivisual.com/magazine/kirara-carat/2024/04/11068/
kirara-carat,2024,5,https://www.dokidokivisual.com/magazine/kirara-carat/2024/05/11069/
kirara-carat,2024,6,https://www.dokidokivisual.com/magazine/kirara-carat/2024/06/11070/
kirara-carat,2024,7,https://www.dokidokivisual.com/magazine/kirara-carat/2024/07/11071/
kirara-carat,2024,8,https://www.dokidokivisual.com/magazine/kirara-carat/2024/08/11072/
kirara-carat,2024,9,https://www.dokidokivisual.com/magazine/kirara-carat/2024/09/11073/
kirara-carat,2024,10,https://www.dokidokivisual.com/magazine/kirara-carat/2024/10/11074/
kirara-carat,2024,11,https://www.dokidokivisual.com/magazine/kirara-carat/2024/11/11367/
kirara-carat,2024,12,https://www.dokidokivisual.com/magazine/kirara-carat/2024/12/11368/
kirara-carat,2025,1,https://www.dokidokivisual.com/magazine/kirara-carat/2025/01/11369/
kirara-carat,2025,2,https://www.dokidokivisual.com/magazine/kirara-carat/2025/02/11640/
kirara-carat,2025,3,https://www.dokidokivisual.com/magazine/kirara-carat/2025/03/12024/
kirara-carat,2025,4,https://www.dokidokivisual.com/magazine/kirara-carat/2025/04/12197/
kirara-carat,2025,5,https://www.dokidokivisual.com/magazine/kirara-carat/2025/05/12289/
kirara-carat,2025,6,https://www.dokidokivisual.com/magazine/kirara-carat/2025/06/12375/
kirara-carat,2025,7,https://www.dokidokivisual.com/magazine/kirara-carat/2025/07/12434/
kirara-carat,2025,8,https://www.dokidokivisual.com/magazine/kirara-carat/2025/08/12503/
kirara-carat,2025,9,https://www.dokidokivisual.com/magazine/kirara-carat/2025/09/12597/
kirara-forward,2007,5,https://www.dokidokivisual.com/magazine/kirara-forward/2007/05/11076/
kirara-forward,2007,6,https://www.dokidokivisual.com/magazine/kirara-forward/2007/06/11075/
kirara-forward,2007,7,https://www.dokidokivisual.com/magazine/kirara-forward/2007/07/11077/
kirara-forward,2007,10,https://www.dokidokivisual.com/magazine/kirara-forward/2007/10/11078/
kirara-forward,2007,11,https://www.dokidokivisual.com/magazine/kirara-forward/2007/11/11079/
kirara-forward,2007,12,https://www.dokidokivisual.com/magazine/kirara-forward/2007/12/11080/
kirara-forward,2008,1,https://www.dokidokivisual.com/magazine/kirara-forward/2008/01/11956/
kirara-forward,2008,2,https://www.dokidokivisual.com/magazine/kirara-forward/2008/02/11081/
kirara-forward,2008,3,https://www.dokidokivisual.com/magazine/kirara-forward/2008/03/11082/
kirara-forward,2008,4,https://www.dokidokivisual.com/magazine/kirara-forward/2008/04/11083/
kirara-forward,2008,5,https://www.dokidokivisual.com/magazine/kirara-forward/2008/05/11084/
kirara-forward,2008,6,https://www.dokidokivisual.com/magazine/kirara-forward/2008/06/11085/
kirara-forward,2008,7,https://www.dokidokivisual.com/magazine/kirara-forward/2008/07/11086/
kirara-forward,2008,8,https://www.dokidokivisual.com/magazine/kirara-forward/2008/08/11087/
kirara-forward,2008,9,https://www.dokidokivisual.com/magazine/kirara-forward/2008/09/11088/
kirara-forward,2008,10,https://www.dokidokivisual.com/magazine/kirara-forward/2008/10/11089/
kirara-forward,2008,11,https://www.dokidokivisual.com/magazine/kirara-forward/2008/11/11090/
kirara-forward,2008,12,https://www.dokidokivisual.com/magazine/kirara-forward/2008/12/11091/
kirara-forward,2009,1,https://www.dokidokivisual.com/magazine/kirara-forward/2009/01/11092/
kirara-forward,2009,2,https://www.dokidokivisual.com/magazine/kirara-forward/2009/02/11093/
kirara-forward,2009,3,https://www.dokidokivisual.com/magazine/kirara-forward/2009/03/11094/
kirara-forward,2009,4,https://www.dokidokivisual.com/magazine/kirara-forward/2009/04/11095/
kirara-forward,2009,5,https://www.dokidokivisual.com/magazine/kirara-forward/2009/05/11096/
kirara-forward,2009,6,https://www.dokidokivisual.com/magazine/kirara-forward/2009/06/11097/
kirara-forward,2009,7,https://www.dokidokivisual.com/magazine/kirara-forward/2009/07/11098/
kirara-forward,2009,8,https://www.dokidokivisual.com/magazine/kirara-forward/2009/08/11099/
kirara-forward,2009,9,https://www.dokidokivisual.com/magazine/kirara-forward/2009/09/11100/
kirara-forward,2009,10,https://www.dokidokivisual.com/magazine/kirara-forward/2009/10/11101/
kirara-forward,2009,11,https://www.dokidokivisual.com/magazine/kirara-forward/2009/11/11102/
kirara-forward,2009,12,https://www.dokidokivisual.com/magazine/kirara-forward/2009/12/11103/
kirara-forward,2010,1,https://www.dokidokivisual.com/magazine/kirara-forward/2010/01/11104/
kirara-forward,2010,2,https://www.dokidokivisual.com/magazine/kirara-forward/2010/02/11105/
kirara-forward,2010,3,https://www.dokidokivisual.com/magazine/kirara-forward/2010/03/11106/
kirara-forward,2010,4,https://www.dokidokivisual.com/magazine/kirara-forward/2010/04/11107/
kirara-forward,2010,5,https://www.dokidokivisual.com/magazine/kirara-forward/2010/05/11108/
kirara-forward,2010,6,https://www.dokidokivisual.com/magazine/kirara-forward/2010/06/11109/
kirara-forward,2010,7,https://www.dokidokivisual.com/magazine/kirara-forward/2010/07/11110/
kirara-forward,2010,8,https://www.dokidokivisual.com/magazine/kirara-forward/2010/08/11111/
kirara-forward,2010,9,https://www.dokidokivisual.com/magazine/kirara-forward/2010/09/11112/
kirara-forward,2010,10,https://www.dokidokivisual.com/magazine/kirara-forward/2010/10/11113/
kirara-forward,2010,11,https://www.dokidokivisual.com/magazine/kirara-forward/2010/11/11114/
kirara-forward,2010,12,https://www.dokidokivisual.com/magazine/kirara-forward/2010/12/11115/
kirara-forward,2011,1,https://www.dokidokivisual.com/magazine/kirara-forward/2011/01/11116/
kirara-forward,2011,2,https://www.dokidokivisual.com/magazine/kirara-forward/2011/02/11117/
kirara-forward,2011,3,https://www.dokidokivisual.com/magazine/kirara-forward/2011/03/11118/
kirara-forward,2011,4,https://www.dokidokivisual.com/magazine/kirara-forward/2011/04/11119/
kirara-forward,2011,5,https://www.dokidokivisual.com/magazine/kirara-forward/2011/05/11120/
kirara-forward,2011,6,https://www.dokidokivisual.com/magazine/kirara-forward/2011/06/11121/
kirara-forward,2011,7,https://www.dokidokivisual.com/magazine/kirara-forward/2011/07/11122/
kirara-forward,2011,8,https://www.dokidokivisual.com/magazine/kirara-forward/2011/08/11123/
kirara-forward,2011,9,https://www.dokidokivisual.com/magazine/kirara-forward/2011/09/11124/
kirara-forward,2011,10,https://www.dokidokivisual.com/magazine/kirara-forward/2011/10/11125/
kirara-forward,2011,11,https://www.dokidokivisual.com/magazine/kirara-forward/2011/11/11126/
kirara-forward,2011,12,https://www.dokidokivisual.com/magazine/kirara-forward/2011/12/11127/
kirara-forward,2012,1,https://www.dokidokivisual.com/magazine/kirara-forward/2012/01/11128/
kirara-forward,2012,2,https://www.dokidokivisual.com/magazine/kirara-forward/2012/02/11129/
kirara-forward,2012,3,https://www.dokidokivisual.com/magazine/kirara-forward/2012/03/11130/
kirara-forward,2012,4,https://www.dokidokivisual.com/magazine/kirara-forward/2012/04/11131/
kirara-forward,2012,5,https://www.dokidokivisual.com/magazine/kirara-forward/2012/05/11132/
kirara-forward,2012,6,https://www.dokidokivisual.com/magazine/kirara-forward/2012/06/11133/
kirara-forward,2012,7,https://www.dokidokivisual.com/magazine/kirara-forward/2012/07/11134/
kirara-forward,2012,8,https://www.dokidokivisual.com/magazine/kirara-forward/2012/08/11135/
kirara-forward,2012,9,https://www.dokidokivisual.com/magazine/kirara-forward/2012/09/11136/
kirara-forward,2012,10,https://www.dokidokivisual.com/magazine/kirara-forward/2012/10/11137/
kirara-forward,2012,11,https://www.dokidokivisual.com/magazine/kirara-forward/2012/11/11138/
kirara-forward,2012,12,https://www.dokidokivisual.com/magazine/kirara-forward/2012/12/11139/
kirara-forward,2013,1,https://www.dokidokivisual.com/magazine/kirara-forward/2013/01/11140/
kirara-forward,2013,2,https://www.dokidokivisual.com/magazine/kirara-forward/2013/02/11141/
kirara-forward,2013,3,https://www.dokidokivisual.com/magazine/kirara-forward/2013/03/11142/
kirara-forward,2013,4,https://www.dokidokivisual.com/magazine/kirara-forward/2013/04/11143/
kirara-forward,2013,5,https://www.dokidokivisual.com/magazine/kirara-forward/2013/05/11144/
kirara-forward,2013,6,https://www.dokidokivisual.com/magazine/kirara-forward/2013/06/11145/
kirara-forward,2013,7,https://www.dokidokivisual.com/magazine/kirara-forward/2013/07/11146/
kirara-forward,2013,8,https://www.dokidokivisual.com/magazine/kirara-forward/2013/08/11147/
kirara-forward,2013,9,https://www.dokidokivisual.com/magazine/kirara-forward/2013/09/11148/
kirara-forward,2013,10,https://www.dokidokivisual.com/magazine/kirara-forward/2013/10/11149/
kirara-forward,2013,11,https://www.dokidokivisual.com/magazine/kirara-forward/2013/11/11150/
kirara-forward,2013,12,https://www.dokidokivisual.com/magazine/kirara-forward/2013/12/11151/
kirara-forward,2014,1,https://www.dokidokivisual.com/magazine/kirara-forward/2014/01/11152/
kirara-forward,2014,2,https://www.dokidokivisual.com/magazine/kirara-forward/2014/02/11153/
kirara-forward,2014,3,https://www.dokidokivisual.com/magazine/kirara-forward/2014/03/11154/
kirara-forward,2014,4,https://www.dokidokivisual.com/magazine/kirara-forward/2014/04/11155/
kirara-forward,2014,5,https://www.dokidokivisual.com/magazine/kirara-forward/2014/05/11156/
kirara-forward,2014,6,https://www.dokidokivisual.com/magazine/kirara-forward/2014/06/11157/
kirara-forward,2014,7,https://www.dokidokivisual.com/magazine/kirara-forward/2014/07/11158/
kirara-forward,2014,8,https://www.dokidokivisual.com/magazine/kirara-forward/2014/08/11159/
kirara-forward,2014,9,https://www.dokidokivisual.com/magazine/kirara-forward/2014/09/11160/
kirara-forward,2014,10,https://www.dokidokivisual.com/magazine/kirara-forward/2014/10/11161/
kirara-forward,2014,11,https://www.dokidokivisual.com/magazine/kirara-forward/2014/11/11162/
kirara-forward,2014,12,https://www.dokidokivisual.com/magazine/kirara-forward/2014/12/11163/
kirara-forward,2015,1,https://www.dokidokivisual.com/magazine/kirara-forward/2015/01/11164/
kirara-forward,2015,2,https://www.dokidokivisual.com/magazine/kirara-forward/2015/02/11165/
kirara-forward,2015,3,https://www.dokidokivisual.com/magazine/kirara-forward/2015/03/11177/
kirara-forward,2015,4,https://www.dokidokivisual.com/magazine/kirara-forward/2015/04/11166/
kirara-forward,2015,5,https://www.dokidokivisual.com/magazine/kirara-forward/2015/05/11167/
kirara-forward,2015,6,https://www.dokidokivisual.com/magazine/kirara-forward/2015/06/11168/
kirara-forward,2015,7,https://www.dokidokivisual.com/magazine/kirara-forward/2015/07/11169/
kirara-forward,2015,8,https://www.dokidokivisual.com/magazine/kirara-forward/2015/08/11178/
kirara-forward,2015,9,https://www.dokidokivisual.com/magazine/kirara-forward/2015/09/11170/
kirara-forward,2015,10,https://www.dokidokivisual.com/magazine/kirara-forward/2015/10/11171/
kirara-forward,2015,11,https://www.dokidokivisual.com/magazine/kirara-forward/2015/11/11172/
kirara-forward,2015,12,https://www.dokidokivisual.com/magazine/kirara-forward/2015/12/11173/
kirara-forward,2016,1,https://www.dokidokivisual.com/magazine/kirara-forward/2016/01/11174/
kirara-forward,2016,2,https://www.dokidokivisual.com/magazine/kirara-forward/2016/02/11175/
kirara-forward,2016,3,https://www.dokidokivisual.com/magazine/kirara-forward/2016/03/11176/
kirara-forward,2016,4,https://www.dokidokivisual.com/magazine/kirara-forward/2016/04/11179/
kirara-forward,2016,5,https://www.dokidokivisual.com/magazine/kirara-forward/2016/05/11180/
kirara-forward,2016,6,https://www.dokidokivisual.com/magazine/kirara-forward/2016/06/11181/
kirara-forward,2016,7,https://www.dokidokivisual.com/magazine/kirara-forward/2016/07/11182/
kirara-forward,2016,8,https://www.dokidokivisual.com/magazine/kirara-forward/2016/08/11183/
kirara-forward,2016,9,https://www.dokidokivisual.com/magazine/kirara-forward/2016/09/11184/
kirara-forward,2016,10,https://www.dokidokivisual.com/magazine/kirara-forward/2016/10/11185/
kirara-forward,2016,11,https://www.dokidokivisual.com/magazine/kirara-forward/2016/11/11186/
kirara-forward,2016,12,https://www.dokidokivisual.com/magazine/kirara-forward/2016/12/11187/
kirara-forward,2017,1,https://www.dokidokivisual.com/magazine/kirara-forward/2017/01/11188/
kirara-forward,2017,2,https://www.dokidokivisual.com/magazine/kirara-forward/2017/02/11189/
kirara-forward,2017,3,https://www.dokidokivisual.com/magazine/kirara-forward/2017/03/11190/
kirara-forward,2017,4,https://www.dokidokivisual.com/magazine/kirara-forward/2017/04/11191/
kirara-forward,2017,5,https://www.dokidokivisual.com/magazine/kirara-forward/2017/05/11192/
kirara-forward,2017,6,https://www.dokidokivisual.com/magazine/kirara-forward/2017/06/11193/
kirara-forward,2017,7,https://www.dokidokivisual.com/magazine/kirara-forward/2017/07/11194/
kirara-forward,2017,8,https://www.dokidokivisual.com/magazine/kirara-forward/2017/08/11195/
kirara-forward,2017,9,https://www.dokidokivisual.com/magazine/kirara-forward/2017/09/11196/
kirara-forward,2017,10,https://www.dokidokivisual.com/magazine/kirara-forward/2017/10/11197/
kirara-forward,2017,11,https://www.dokidokivisual.com/magazine/kirara-forward/2017/11/11198/
kirara-forward,2017,12,https://www.dokidokivisual.com/magazine/kirara-forward/2017/12/11199/
kirara-forward,2018,1,https://www.dokidokivisual.com/magazine/kirara-forward/2018/01/11200/
kirara-forward,2018,2,https://www.dokidokivisual.com/magazine/kirara-forward/2018/02/11201/
kirara-forward,2018,3,https://www.dokidokivisual.com/magazine/kirara-forward/2018/03/11202/
kirara-forward,2018,4,https://www.dokidokivisual.com/magazine/kirara-forward/2018/04/11203/
kirara-forward,2018,5,https://www.dokidokivisual.com/magazine/kirara-forward/2018/05/11204/
kirara-forward,2018,6,https://www.dokidokivisual.com/magazine/kirara-forward/2018/06/11205/
kirara-forward,2018,7,https://www.dokidokivisual.com/magazine/kirara-forward/2018/07/11206/
kirara-forward,2018,8,https://www.dokidokivisual.com/magazine/kirara-forward/2018/08/11207/
kirara-forward,2018,9,https://www.dokidokivisual.com/magazine/kirara-forward/2018/09/11208/
kirara-forward,2018,10,https://www.dokidokivisual.com/magazine/kirara-forward/2018/10/11209/
kirara-forward,2018,11,https://www.dokidokivisual.com/magazine/kirara-forward/2018/11/11210/
kirara-forward,2018,12,https://www.dokidokivisual.com/magazine/kirara-forward/2018/12/11211/
kirara-forward,2019,1,https://www.dokidokivisual.com/magazine/kirara-forward/2019/01/11212/
kirara-forward,2019,2,https://www.dokidokivisual.com/magazine/kirara-forward/2019/02/11213/
kirara-forward,2019,3,https://www.dokidokivisual.com/magazine/kirara-forward/2019/03/11214/
kirara-forward,2019,4,https://www.dokidokivisual.com/magazine/kirara-forward/2019/04/11215/
kirara-forward,2019,5,https://www.dokidokivisual.com/magazine/kirara-forward/2019/05/11216/
kirara-forward,2019,6,https://www.dokidokivisual.com/magazine/kirara-forward/2019/06/11217/
kirara-forward,2019,7,https://www.dokidokivisual.com/magazine/kirara-forward/2019/07/11218/
kirara-forward,2019,8,https://www.dokidokivisual.com/magazine/kirara-forward/2019/08/11219/
kirara-forward,2019,9,https://www.dokidokivisual.com/magazine/kirara-forward/2019/09/11220/
kirara-forward,2019,10,https://www.dokidokivisual.com/magazine/kirara-forward/2019/10/11221/
kirara-forward,2019,11,https://www.dokidokivisual.com/magazine/kirara-forward/2019/11/11222/
kirara-forward,2019,12,https://www.dokidokivisual.com/magazine/kirara-forward/2019/12/11223/
kirara-forward,2020,1,https://www.dokidokivisual.com/magazine/kirara-forward/2020/01/11224/
kirara-forward,2020,2,https://www.dokidokivisual.com/magazine/kirara-forward/2020/02/11225/
kirara-forward,2020,3,https://www.dokidokivisual.com/magazine/kirara-forward/2020/03/11226/
kirara-forward,2020,4,https://www.dokidokivisual.com/magazine/kirara-forward/2020/04/11227/
kirara-forward,2020,5,https://www.dokidokivisual.com/magazine/kirara-forward/2020/05/11228/
kirara-forward,2020,6,https://www.dokidokivisual.com/magazine/kirara-forward/2020/06/11229/
kirara-forward,2020,7,https://www.dokidokivisual.com/magazine/kirara-forward/2020/07/11230/
kirara-forward,2020,8,https://www.dokidokivisual.com/magazine/kirara-forward/2020/08/11231/
kirara-forward,2020,9,https://www.dokidokivisual.com/magazine/kirara-forward/2020/09/11232/
kirara-forward,2020,10,https://www.dokidokivisual.com/magazine/kirara-forward/2020/10/11233/
kirara-forward,2020,11,https://www.dokidokivisual.com/magazine/kirara-forward/2020/11/11234/
kirara-forward,2020,12,https://www.dokidokivisual.com/magazine/kirara-forward/2020/12/11235/
kirara-forward,2021,1,https://www.dokidokivisual.com/magazine/kirara-forward/2021/01/11236/
kirara-forward,2021,2,https://www.dokidokivisual.com/magazine/kirara-forward/2021/02/11237/
kirara-forward,2021,3,https://www.dokidokivisual.com/magazine/kirara-forward/2021/03/11238/
kirara-forward,2021,4,https://www.dokidokivisual.com/magazine/kirara-forward/2021/04/11239/
kirara-forward,2021,5,https://www.dokidokivisual.com/magazine/kirara-forward/2021/05/11240/
kirara-forward,2021,6,https://www.dokidokivisual.com/magazine/kirara-forward/2021/06/11241/
kirara-forward,2021,7,https://www.dokidokivisual.com/magazine/kirara-forward/2021/07/11242/
kirara-forward,2021,8,https://www.dokidokivisual.com/magazine/kirara-forward/2021/08/11243/
kirara-forward,2021,9,https://www.dokidokivisual.com/magazine/kirara-forward/2021/09/11244/
kirara-forward,2021,10,https://www.dokidokivisual.com/magazine/kirara-forward/2021/10/11245/
kirara-forward,2021,11,https://www.dokidokivisual.com/magazine/kirara-forward/2021/11/11246/
kirara-forward,2021,12,https://www.dokidokivisual.com/magazine/kirara-forward/2021/12/11247/
kirara-forward,2022,1,https://www.dokidokivisual.com/magazine/kirara-forward/2022/01/11248/
kirara-forward,2022,2,https://www.dokidokivisual.com/magazine/kirara-forward/2022/02/11249/
kirara-forward,2022,3,https://www.dokidokivisual.com/magazine/kirara-forward/2022/03/11250/
kirara-forward,2022,4,https://www.dokidokivisual.com/magazine/kirara-forward/2022/04/11251/
kirara-forward,2022,5,https://www.dokidokivisual.com/magazine/kirara-forward/2022/05/11252/
kirara-forward,2022,6,https://www.dokidokivisual.com/magazine/kirara-forward/2022/06/11253/
kirara-forward,2022,7,https://www.dokidokivisual.com/magazine/kirara-forward/2022/07/11254/
kirara-forward,2022,8,https://www.dokidokivisual.com/magazine/kirara-forward/2022/08/11255/
kirara-forward,2022,9,https://www.dokidokivisual.com/magazine/kirara-forward/2022/09/11256/
kirara-forward,2022,10,https://www.dokidokivisual.com/magazine/kirara-forward/2022/10/11257/
kirara-forward,2022,11,https://www.dokidokivisual.com/magazine/kirara-forward/2022/11/11258/
kirara-forward,2022,12,https://www.dokidokivisual.com/magazine/kirara-forward/2022/12/11259/
kirara-forward,2023,1,https://www.dokidokivisual.com/magazine/kirara-forward/2023/01/11260/
kirara-forward,2023,2,https://www.dokidokivisual.com/magazine/kirara-forward/2023/02/11261/
kirara-forward,2023,3,https://www.dokidokivisual.com/magazine/kirara-forward/2023/03/11262/
kirara-forward,2023,4,https://www.dokidokivisual.com/magazine/kirara-forward/2023/04/11263/
kirara-forward,2023,5,https://www.dokidokivisual.com/magazine/kirara-forward/2023/05/11264/
kirara-forward,2023,6,https://www.dokidokivisual.com/magazine/kirara-forward/2023/06/11265/
kirara-forward,2023,7,https://www.dokidokivisual.com/magazine/kirara-forward/2023/07/11266/
kirara-forward,2023,8,https://www.dokidokivisual.com/magazine/kirara-forward/2023/08/11267/
kirara-forward,2023,9,https://www.dokidokivisual.com/magazine/kirara-forward/2023/09/11268/
kirara-forward,2023,10,https://www.dokidokivisual.com/magazine/kirara-forward/2023/10/11269/
kirara-forward,2023,11,https://www.dokidokivisual.com/magazine/kirara-forward/2023/11/11270/
kirara-forward,2023,12,https://www.dokidokivisual.com/magazine/kirara-forward/2023/12/11271/
kirara-forward,2024,1,https://www.dokidokivisual.com/magazine/kirara-forward/2024/01/11272/
kirara-forward,2024,2,https://www.dokidokivisual.com/magazine/kirara-forward/2024/02/11273/
kirara-forward,2024,3,https://www.dokidokivisual.com/magazine/kirara-forward/2024/03/11274/
kirara-forward,2024,4,https://www.dokidokivisual.com/magazine/kirara-forward/2024/04/11275/
kirara-forward,2024,5,https://www.dokidokivisual.com/magazine/kirara-forward/2024/05/11276/
kirara-forward,2024,6,https://www.dokidokivisual.com/magazine/kirara-forward/2024/06/11277/
kirara-forward,2024,7,https://www.dokidokivisual.com/magazine/kirara-forward/2024/07/11278/
kirara-forward,2024,8,https://www.dokidokivisual.com/magazine/kirara-forward/2024/08/11279/
kirara-forward,2024,9,https://www.dokidokivisual.com/magazine/kirara-forward/2024/09/11280/
kirara-forward,2024,10,https://www.dokidokivisual.com/magazine/kirara-forward/2024/10/11281/
kirara-forward,2024,11,https://www.dokidokivisual.com/magazine/kirara-forward/2024/11/11363/
kirara-forward,2024,12,https://www.dokidokivisual.com/magazine/kirara-forward/2024/12/11365/
kirara-forward,2025,1,https://www.dokidokivisual.com/magazine/kirara-forward/2025/01/11366/
kirara-forward,2025,2,https://www.dokidokivisual.com/magazine/kirara-forward/2025/02/11638/
kirara-forward,2025,3,https://www.dokidokivisual.com/magazine/kirara-forward/2025/03/11802/
kirara-forward,2025,4,https://www.dokidokivisual.com/magazine/kirara-forward/2025/04/12133/
kirara-forward,2025,5,https://www.dokidokivisual.com/magazine/kirara-forward/2025/05/12257/
kirara-forward,2025,6,https://www.dokidokivisual.com/magazine/kirara-forward/2025/06/12353/
kirara-forward,2025,7,https://www.dokidokivisual.com/magazine/kirara-forward/2025/07/12420/
kirara-forward,2025,8,https://www.dokidokivisual.com/magazine/kirara-forward/2025/08/12489/
kirara-forward,2025,9,https://www.dokidokivisual.com/magazine/kirara-forward/2025/09/12566/
kirara-max,2007,2,https://www.dokidokivisual.com/magazine/kirara-max/2007/02/10648/
kirara-max,2007,3,https://www.dokidokivisual.com/magazine/kirara-max/2007/03/10649/
kirara-max,2007,4,https://www.dokidokivisual.com/magazine/kirara-max/2007/04/10650/
kirara-max,2007,5,https://www.dokidokivisual.com/magazine/kirara-max/2007/05/10651/
kirara-max,2007,6,https://www.dokidokivisual.com/magazine/kirara-max/2007/06/10652/
kirara-max,2007,7,https://www.dokidokivisual.com/magazine/kirara-max/2007/07/10653/
kirara-max,2007,8,https://www.dokidokivisual.com/magazine/kirara-max/2007/08/10654/
kirara-max,2007,9,https://www.dokidokivisual.com/magazine/kirara-max/2007/09/10655/
kirara-max,2007,10,https://www.dokidokivisual.com/magazine/kirara-max/2007/10/10656/
kirara-max,2007,11,https://www.dokidokivisual.com/magazine/kirara-max/2007/11/10657/
kirara-max,2007,12,https://www.dokidokivisual.com/magazine/kirara-max/2007/12/10658/
kirara-max,2008,1,https://www.dokidokivisual.com/magazine/kirara-max/2008/01/10659/
kirara-max,2008,2,https://www.dokidokivisual.com/magazine/kirara-max/2008/02/10660/
kirara-max,2008,3,https://www.dokidokivisual.com/magazine/kirara-max/2008/03/10661/
kirara-max,2008,4,https://www.dokidokivisual.com/magazine/kirara-max/2008/04/10662/
kirara-max,2008,5,https://www.dokidokivisual.com/magazine/kirara-max/2008/05/10663/
kirara-max,2008,6,https://www.dokidokivisual.com/magazine/kirara-max/2008/06/10664/
kirara-max,2008,7,https://www.dokidokivisual.com/magazine/kirara-max/2008/07/10665/
kirara-max,2008,8,https://www.dokidokivisual.com/magazine/kirara-max/2008/08/10666/
kirara-max,2008,9,https://www.dokidokivisual.com/magazine/kirara-max/2008/09/10667/
kirara-max,2008,10,https://www.dokidokivisual.com/magazine/kirara-max/2008/10/10668/
kirara-max,2008,11,https://www.dokidokivisual.com/magazine/kirara-max/2008/11/10669/
kirara-max,2008,12,https://www.dokidokivisual.com/magazine/kirara-max/2008/12/10670/
kirara-max,2009,1,https://www.dokidokivisual.com/magazine/kirara-max/2009/01/10671/
kirara-max,2009,2,https://www.dokidokivisual.com/magazine/kirara-max/2009/02/10672/
kirara-max,2009,3,https://www.dokidokivisual.com/magazine/kirara-max/2009/03/10673/
kirara-max,2009,4,https://www.dokidokivisual.com/magazine/kirara-max/2009/04/10674/
kirara-max,2009,5,https://www.dokidokivisual.com/magazine/kirara-max/2009/05/10675/
kirara-max,2009,6,https://www.dokidokivisual.com/magazine/kirara-max/2009/06/10676/
kirara-max,2009,7,https://www.dokidokivisual.com/magazine/kirara-max/2009/07/10677/
kirara-max,2009,8,https://www.dokidokivisual.com/magazine/kirara-max/2009/08/10678/
kirara-max,2009,9,https://www.dokidokivisual.com/magazine/kirara-max/2009/09/10679/
kirara-max,2009,10,https://www.dokidokivisual.com/magazine/kirara-max/2009/10/10680/
kirara-max,2009,11,https://www.dokidokivisual.com/magazine/kirara-max/2009/11/10681/
kirara-max,2009,12,https://www.dokidokivisual.com/magazine/kirara-max/2009/12/10682/
kirara-max,2010,1,https://www.dokidokivisual.com/magazine/kirara-max/2010/01/10683/
kirara-max,2010,2,https://www.dokidokivisual.com/magazine/kirara-max/2010/02/10684/
kirara-max,2010,3,https://www.dokidokivisual.com/magazine/kirara-max/2010/03/10685/
kirara-max,2010,4,https://www.dokidokivisual.com/magazine/kirara-max/2010/04/10686/
kirara-max,2010,5,https://www.dokidokivisual.com/magazine/kirara-max/2010/05/10687/
kirara-max,2010,6,https://www.dokidokivisual.com/magazine/kirara-max/2010/06/10688/
kirara-max,2010,7,https://www.dokidokivisual.com/magazine/kirara-max/2010/07/10689/
kirara-max,2010,8,https://www.dokidokivisual.com/magazine/kirara-max/2010/08/10690/
kirara-max,2010,9,https://www.dokidokivisual.com/magazine/kirara-max/2010/09/10691/
kirara-max,2010,10,https://www.dokidokivisual.com/magazine/kirara-max/2010/10/10692/
kirara-max,2010,11,https://www.dokidokivisual.com/magazine/kirara-max/2010/11/10693/
kirara-max,2010,12,https://www.dokidokivisual.com/magazine/kirara-max/2010/12/10694/
kirara-max,2011,1,https://www.dokidokivisual.com/magazine/kirara-max/2011/01/10695/
kirara-max,2011,2,https://www.dokidokivisual.com/magazine/kirara-max/2011/02/10696/
kirara-max,2011,3,https://www.dokidokivisual.com/magazine/kirara-max/2011/03/10697/
kirara-max,2011,4,https://www.dokidokivisual.com/magazine/kirara-max/2011/04/10698/
kirara-max,2011,5,https://www.dokidokivisual.com/magazine/kirara-max/2011/05/10699/
kirara-max,2011,6,https://www.dokidokivisual.com/magazine/kirara-max/2011/06/10700/
kirara-max,2011,7,https://www.dokidokivisual.com/magazine/kirara-max/2011/07/10701/
kirara-max,2011,8,https://www.dokidokivisual.com/magazine/kirara-max/2011/08/10702/
kirara-max,2011,9,https://www.dokidokivisual.com/magazine/kirara-max/2011/09/10703/
kirara-max,2011,10,https://www.dokidokivisual.com/magazine/kirara-max/2011/10/10704/
kirara-max,2011,11,https://www.dokidokivisual.com/magazine/kirara-max/2011/11/10705/
kirara-max,2011,12,https://www.dokidokivisual.com/magazine/kirara-max/2011/12/10706/
kirara-max,2012,1,https://www.dokidokivisual.com/magazine/kirara-max/2012/01/10707/
kirara-max,2012,2,https://www.dokidokivisual.com/magazine/kirara-max/2012/02/10708/
kirara-max,2012,3,https://www.dokidokivisual.com/magazine/kirara-max/2012/03/10709/
kirara-max,2012,4,https://www.dokidokivisual.com/magazine/kirara-max/2012/04/10710/
kirara-max,2012,5,https://www.dokidokivisual.com/magazine/kirara-max/2012/05/10711/
kirara-max,2012,6,https://www.dokidokivisual.com/magazine/kirara-max/2012/06/10712/
kirara-max,2012,7,https://www.dokidokivisual.com/magazine/kirara-max/2012/07/10713/
kirara-max,2012,8,https://www.dokidokivisual.com/magazine/kirara-max/2012/08/10714/
kirara-max,2012,9,https://www.dokidokivisual.com/magazine/kirara-max/2012/09/10715/
kirara-max,2012,10,https://www.dokidokivisual.com/magazine/kirara-max/2012/10/10716/
kirara-max,2012,11,https://www.dokidokivisual.com/magazine/kirara-max/2012/11/10717/
kirara-max,2012,12,https://www.dokidokivisual.com/magazine/kirara-max/2012/12/10718/
kirara-max,2013,1,https://www.dokidokivisual.com/magazine/kirara-max/2013/01/10719/
kirara-max,2013,2,https://www.dokidokivisual.com/magazine/kirara-max/2013/02/10720/
kirara-max,2013,3,https://www.dokidokivisual.com/magazine/kirara-max/2013/03/10721/
kirara-max,2013,4,https://www.dokidokivisual.com/magazine/kirara-max/2013/04/10722/
kirara-max,2013,5,https://www.dokidokivisual.com/magazine/kirara-max/2013/05/10723/
kirara-max,2013,6,https://www.dokidokivisual.com/magazine/kirara-max/2013/06/10724/
kirara-max,2013,7,https://www.dokidokivisual.com/magazine/kirara-max/2013/07/10725/
kirara-max,2013,8,https://www.dokidokivisual.com/magazine/kirara-max/2013/08/10726/
kirara-max,2013,9,https://www.dokidokivisual.com/magazine/kirara-max/2013/09/10727/
kirara-max,2013,10,https://www.dokidokivisual.com/magazine/kirara-max/2013/10/10728/
kirara-max,2013,11,https://www.dokidokivisual.com/magazine/kirara-max/2013/11/10729/
kirara-max,2013,12,https://www.dokidokivisual.com/magazine/kirara-max/2013/12/10730/
kirara-max,2014,1,https://www.dokidokivisual.com/magazine/kirara-max/2014/01/10731/
kirara-max,2014,2,https://www.dokidokivisual.com/magazine/kirara-max/2014/02/10732/
kirara-max,2014,3,https://www.dokidokivisual.com/magazine/kirara-max/2014/03/10733/
kirara-max,2014,4,https://www.dokidokivisual.com/magazine/kirara-max/2014/04/10734/
kirara-max,2014,5,https://www.dokidokivisual.com/magazine/kirara-max/2014/05/10735/
kirara-max,2014,6,https://www.dokidokivisual.com/magazine/kirara-max/2014/06/10736/
kirara-max,2014,7,https://www.dokidokivisual.com/magazine/kirara-max/2014/07/10737/
kirara-max,2014,8,https://www.dokidokivisual.com/magazine/kirara-max/2014/08/10738/
kirara-max,2014,9,https://www.dokidokivisual.com/magazine/kirara-max/2014/09/10739/
kirara-max,2014,10,https://www.dokidokivisual.com/magazine/kirara-max/2014/10/10740/
kirara-max,2014,11,https://www.dokidokivisual.com/magazine/kirara-max/2014/11/10741/
kirara-max,2014,12,https://www.dokidokivisual.com/magazine/kirara-max/2014/12/10742/
kirara-max,2015,1,https://www.dokidokivisual.com/magazine/kirara-max/2015/01/10743/
kirara-max,2015,2,https://www.dokidokivisual.com/magazine/kirara-max/2015/02/10744/
kirara-max,2015,3,https://www.dokidokivisual.com/magazine/kirara-max/2015/03/10745/
kirara-max,2015,4,https://www.dokidokivisual.com/magazine/kirara-max/2015/04/10746/
kirara-max,2015,5,https://www.dokidokivisual.com/magazine/kirara-max/2015/05/10747/
kirara-max,2015,6,https://www.dokidokivisual.com/magazine/kirara-max/2015/06/10748/
kirara-max,2015,7,https://www.dokidokivisual.com/magazine/kirara-max/2015/07/10749/
kirara-max,2015,8,https://www.dokidokivisual.com/magazine/kirara-max/2015/08/10750/
kirara-max,2015,9,https://www.dokidokivisual.com/magazine/kirara-max/2015/09/10751/
kirara-max,2015,10,https://www.dokidokivisual.com/magazine/kirara-max/2015/10/10752/
kirara-max,2015,11,https://www.dokidokivisual.com/magazine/kirara-max/2015/11/10753/
kirara-max,2015,12,https://www.dokidokivisual.com/magazine/kirara-max/2015/12/10754/
kirara-max,2016,1,https://www.dokidokivisual.com/magazine/kirara-max/2016/01/10755/
kirara-max,2016,2,https://www.dokidokivisual.com/magazine/kirara-max/2016/02/10756/
kirara-max,2016,3,https://www.dokidokivisual.com/magazine/kirara-max/2016/03/10757/
kirara-max,2016,4,https://www.dokidokivisual.com/magazine/kirara-max/2016/04/10758/
kirara-max,2016,5,https://www.dokidokivisual.com/magazine/kirara-max/2016/05/10759/
kirara-max,2016,6,https://www.dokidokivisual.com/magazine/kirara-max/2016/06/10760/
kirara-max,2016,7,https://www.dokidokivisual.com/magazine/kirara-max/2016/07/10761/
kirara-max,2016,8,https://www.dokidokivisual.com/magazine/kirara-max/2016/08/10762/
kirara-max,2016,9,https://www.dokidokivisual.com/magazine/kirara-max/2016/09/10763/
kirara-max,2016,10,https://www.dokidokivisual.com/magazine/kirara-max/2016/10/10764/
kirara-max,2016,11,https://www.dokidokivisual.com/magazine/kirara-max/2016/11/10765/
kirara-max,2016,12,https://www.dokidokivisual.com/magazine/kirara-max/2016/12/10766/
kirara-max,2017,1,https://www.dokidokivisual.com/magazine/kirara-max/2017/01/10767/
kirara-max,2017,2,https://www.dokidokivisual.com/magazine/kirara-max/2017/02/10768/
kirara-max,2017,3,https://www.dokidokivisual.com/magazine/kirara-max/2017/03/10769/
kirara-max,2017,4,https://www.dokidokivisual.com/magazine/kirara-max/2017/04/10770/
kirara-max,2017,5,https://www.dokidokivisual.com/magazine/kirara-max/2017/05/10771/
kirara-max,2017,6,https://www.dokidokivisual.com/magazine/kirara-max/2017/06/10772/
kirara-max,2017,7,https://www.dokidokivisual.com/magazine/kirara-max/2017/07/10773/
kirara-max,2017,8,https://www.dokidokivisual.com/magazine/kirara-max/2017/08/10774/
kirara-max,2017,9,https://www.dokidokivisual.com/magazine/kirara-max/2017/09/10775/
kirara-max,2017,10,https://www.dokidokivisual.com/magazine/kirara-max/2017/10/10776/
kirara-max,2017,11,https://www.dokidokivisual.com/magazine/kirara-max/2017/11/10777/
kirara-max,2017,12,https://www.dokidokivisual.com/magazine/kirara-max/2017/12/10778/
kirara-max,2018,1,https://www.dokidokivisual.com/magazine/kirara-max/2018/01/10779/
kirara-max,2018,2,https://www.dokidokivisual.com/magazine/kirara-max/2018/02/10780/
kirara-max,2018,3,https://www.dokidokivisual.com/magazine/kirara-max/2018/03/10781/
kirara-max,2018,4,https://www.dokidokivisual.com/magazine/kirara-max/2018/04/10782/
kirara-max,2018,5,https://www.dokidokivisual.com/magazine/kirara-max/2018/05/10783/
kirara-max,2018,6,https://www.dokidokivisual.com/magazine/kirara-max/2018/06/10784/
kirara-max,2018,7,https://www.dokidokivisual.com/magazine/kirara-max/2018/07/10785/
kirara-max,2018,8,https://www.dokidokivisual.com/magazine/kirara-max/2018/08/10786/
kirara-max,2018,9,https://www.dokidokivisual.com/magazine/kirara-max/2018/09/10787/
kirara-max,2018,10,https://www.dokidokivisual.com/magazine/kirara-max/2018/10/10788/
kirara-max,2018,11,https://www.dokidokivisual.com/magazine/kirara-max/2018/11/10789/
kirara-max,2018,12,https://www.dokidokivisual.com/magazine/kirara-max/2018/12/10790/
kirara-max,2019,1,https://www.dokidokivisual.com/magazine/kirara-max/2019/01/10791/
kirara-max,2019,2,https://www.dokidokivisual.com/magazine/kirara-max/2019/02/10792/
kirara-max,2019,3,https://www.dokidokivisual.com/magazine/kirara-max/2019/03/10793/
kirara-max,2019,4,https://www.dokidokivisual.com/magazine/kirara-max/2019/04/10794/
kirara-max,2019,5,https://www.dokidokivisual.com/magazine/kirara-max/2019/05/10795/
kirara-max,2019,6,https://www.dokidokivisual.com/magazine/kirara-max/2019/06/10796/
kirara-max,2019,7,https://www.dokidokivisual.com/magazine/kirara-max/2019/07/10797/
kirara-max,2019,8,https://www.dokidokivisual.com/magazine/kirara-max/2019/08/10798/
kirara-max,2019,9,https://www.dokidokivisual.com/magazine/kirara-max/2019/09/10799/
kirara-max,2019,10,https://www.dokidokivisual.com/magazine/kirara-max/2019/10/10800/
kirara-max,2019,11,https://www.dokidokivisual.com/magazine/kirara-max/2019/11/10801/
kirara-max,2019,12,https://www.dokidokivisual.com/magazine/kirara-max/2019/12/10802/
kirara-max,2020,1,https://www.dokidokivisual.com/magazine/kirara-max/2020/01/10803/
kirara-max,2020,2,https://www.dokidokivisual.com/magazine/kirara-max/2020/02/10804/
kirara-max,2020,3,https://www.dokidokivisual.com/magazine/kirara-max/2020/03/10805/
kirara-max,2020,4,https://www.dokidokivisual.com/magazine/kirara-max/2020/04/10806/
kirara-max,2020,5,https://www.dokidokivisual.com/magazine/kirara-max/2020/05/10807/
kirara-max,2020,6,https://www.dokidokivisual.com/magazine/kirara-max/2020/06/10808/
kirara-max,2020,7,https://www.dokidokivisual.com/magazine/kirara-max/2020/07/10809/
kirara-max,2020,8,https://www.dokidokivisual.com/magazine/kirara-max/2020/08/10810/
kirara-max,2020,9,https://www.dokidokivisual.com/magazine/kirara-max/2020/09/10811/
kirara-max,2020,10,https://www.dokidokivisual.com/magazine/kirara-max/2020/10/10812/
kirara-max,2020,11,https://www.dokidokivisual.com/magazine/kirara-max/2020/11/10813/
kirara-max,2020,12,https://www.dokidokivisual.com/magazine/kirara-max/2020/12/10814/
kirara-max,2021,1,https://www.dokidokivisual.com/magazine/kirara-max/2021/01/10815/
kirara-max,2021,2,https://www.dokidokivisual.com/magazine/kirara-max/2021/02/10816/
kirara-max,2021,3,https://www.dokidokivisual.com/magazine/kirara-max/2021/03/10817/
kirara-max,2021,4,https://www.dokidokivisual.com/magazine/kirara-max/2021/04/10818/
kirara-max,2021,5,https://www.dokidokivisual.com/magazine/kirara-max/2021/05/10819/
kirara-max,2021,6,https://www.dokidokivisual.com/magazine/kirara-max/2021/06/10820/
kirara-max,2021,7,https://www.dokidokivisual.com/magazine/kirara-max/2021/07/10821/
kirara-max,2021,8,https://www.dokidokivisual.com/magazine/kirara-max/2021/08/10822/
kirara-max,2021,9,https://www.dokidokivisual.com/magazine/kirara-max/2021/09/10823/
kirara-max,2021,10,https://www.dokidokivisual.com/magazine/kirara-max/2021/10/10824/
kirara-max,2021,11,https://www.dokidokivisual.com/magazine/kirara-max/2021/11/10825/
kirara-max,2021,12,https://www.dokidokivisual.com/magazine/kirara-max/2021/12/10826/
kirara-max,2022,1,https://www.dokidokivisual.com/magazine/kirara-max/2022/01/10827/
kirara-max,2022,2,https://www.dokidokivisual.com/magazine/kirara-max/2022/02/10828/
kirara-max,2022,3,https://www.dokidokivisual.com/magazine/kirara-max/2022/03/10829/
kirara-max,2022,4,https://www.dokidokivisual.com/magazine/kirara-max/2022/04/10830/
kirara-max,2022,5,https://www.dokidokivisual.com/magazine/kirara-max/2022/05/10831/
kirara-max,2022,6,https://www.dokidokivisual.com/magazine/kirara-max/2022/06/10832/
kirara-max,2022,7,https://www.dokidokivisual.com/magazine/kirara-max/2022/07/10833/
kirara-max,2022,8,https://www.dokidokivisual.com/magazine/kirara-max/2022/08/10834/
kirara-max,2022,9,https://www.dokidokivisual.com/magazine/kirara-max/2022/09/10835/
kirara-max,2022,10,https://www.dokidokivisual.com/magazine/kirara-max/2022/10/10836/
kirara-max,2022,11,https://www.dokidokivisual.com/magazine/kirara-max/2022/11/10837/
kirara-max,2022,12,https://www.dokidokivisual.com/magazine/kirara-max/2022/12/10838/
kirara-max,2023,1,https://www.dokidokivisual.com/magazine/kirara-max/2023/01/10839/
kirara-max,2023,2,https://www.dokidokivisual.com/magazine/kirara-max/2023/02/10840/
kirara-max,2023,3,https://www.dokidokivisual.com/magazine/kirara-max/2023/03/10841/
kirara-max,2023,4,https://www.dokidokivisual.com/magazine/kirara-max/2023/04/10842/
kirara-max,2023,5,https://www.dokidokivisual.com/magazine/kirara-max/2023/05/10843/
kirara-max,2023,6,https://www.dokidokivisual.com/magazine/kirara-max/2023/06/10844/
kirara-max,2023,7,https://www.dokidokivisual.com/magazine/kirara-max/2023/07/10845/
kirara-max,2023,8,https://www.dokidokivisual.com/magazine/kirara-max/2023/08/10846/
kirara-max,2023,9,https://www.dokidokivisual.com/magazine/kirara-max/2023/09/10847/
kirara-max,2023,10,https://www.dokidokivisual.com/magazine/kirara-max/2023/10/10848/
kirara-max,2023,11,https://www.dokidokivisual.com/magazine/kirara-max/2023/11/10849/
kirara-max,2023,12,https://www.dokidokivisual.com/magazine/kirara-max/2023/12/10850/
kirara-max,2024,1,https://www.dokidokivisual.com/magazine/kirara-max/2024/01/10851/
kirara-max,2024,2,https://www.dokidokivisual.com/magazine/kirara-max/2024/02/10852/
kirara-max,2024,3,https://www.dokidokivisual.com/magazine/kirara-max/2024/03/10853/
kirara-max,2024,4,https://www.dokidokivisual.com/magazine/kirara-max/2024/04/10854/
kirara-max,2024,5,https://www.dokidokivisual.com/magazine/kirara-max/2024/05/10855/
kirara-max,2024,6,https://www.dokidokivisual.com/magazine/kirara-max/2024/06/10856/
kirara-max,2024,7,https://www.dokidokivisual.com/magazine/kirara-max/2024/07/10857/
kirara-max,2024,8,https://www.dokidokivisual.com/magazine/kirara-max/2024/08/10858/
kirara-max,2024,9,https://www.dokidokivisual.com/magazine/kirara-max/2024/09/10859/
kirara-max,2024,10,https://www.dokidokivisual.com/magazine/kirara-max/2024/10/10860/
kirara-max,2024,11,https://www.dokidokivisual.com/magazine/kirara-max/2024/11/11356/
kirara-max,2024,12,https://www.dokidokivisual.com/magazine/kirara-max/2024/12/11359/
kirara-max,2025,1,https://www.dokidokivisual.com/magazine/kirara-max/2025/01/11361/
kirara-max,2025,2,https://www.dokidokivisual.com/magazine/kirara-max/2025/02/11635/
kirara-max,2025,3,https://www.dokidokivisual.com/magazine/kirara-max/2025/03/11799/
kirara-max,2025,4,https://www.dokidokivisual.com/magazine/kirara-max/2025/04/12129/
kirara-max,2025,5,https://www.dokidokivisual.com/magazine/kirara-max/2025/05/12254/
kirara-max,2025,6,https://www.dokidokivisual.com/magazine/kirara-max/2025/06/12349/
kirara-max,2025,7,https://www.dokidokivisual.com/magazine/kirara-max/2025/07/12417/
kirara-max,2025,8,https://www.dokidokivisual.com/magazine/kirara-max/2025/08/12482/
kirara-max,2025,9,https://www.dokidokivisual.com/magazine/kirara-max/2025/09/12560/
kirara-miracle,2012,3,https://www.dokidokivisual.com/magazine/kirara-miracle/2012/03/11282/
kirara-miracle,2012,4,https://www.dokidokivisual.com/magazine/kirara-miracle/2012/04/11283/
kirara-miracle,2012,5,https://www.dokidokivisual.com/magazine/kirara-miracle/2012/05/11284/
kirara-miracle,2012,6,https://www.dokidokivisual.com/magazine/kirara-miracle/2012/06/11285/
kirara-miracle,2012,7,https://www.dokidokivisual.com/magazine/kirara-miracle/2012/07/11286/
kirara-miracle,2012,8,https://www.dokidokivisual.com/magazine/kirara-miracle/2012/08/11287/
kirara-miracle,2012,9,https://www.dokidokivisual.com/magazine/kirara-miracle/2012/09/11288/
kirara-miracle,2012,10,https://www.dokidokivisual.com/magazine/kirara-miracle/2012/10/11289/
kirara-miracle,2012,11,https://www.dokidokivisual.com/magazine/kirara-miracle/2012/11/11290/
kirara-miracle,2012,12,https://www.dokidokivisual.com/magazine/kirara-miracle/2012/12/11291/
kirara-miracle,2013,1,https://www.dokidokivisual.com/magazine/kirara-miracle/2013/01/11292/
kirara-miracle,2013,2,https://www.dokidokivisual.com/magazine/kirara-miracle/2013/02/11293/
kirara-miracle,2013,3,https://www.dokidokivisual.com/magazine/kirara-miracle/2013/03/11294/
kirara-miracle,2013,4,https://www.dokidokivisual.com/magazine/kirara-miracle/2013/04/11295/
kirara-miracle,2013,5,https://www.dokidokivisual.com/magazine/kirara-miracle/2013/05/11296/
kirara-miracle,2013,6,https://www.dokidokivisual.com/magazine/kirara-miracle/2013/06/11297/
kirara-miracle,2013,7,https://www.dokidokivisual.com/magazine/kirara-miracle/2013/07/11298/
kirara-miracle,2013,8,https://www.dokidokivisual.com/magazine/kirara-miracle/2013/08/11299/
kirara-miracle,2013,9,https://www.dokidokivisual.com/magazine/kirara-miracle/2013/09/11300/
kirara-miracle,2013,10,https://www.dokidokivisual.com/magazine/kirara-miracle/2013/10/11301/
kirara-miracle,2013,11,https://www.dokidokivisual.com/magazine/kirara-miracle/2013/11/11302/
kirara-miracle,2013,12,https://www.dokidokivisual.com/magazine/kirara-miracle/2013/12/11303/
kirara-miracle,2014,1,https://www.dokidokivisual.com/magazine/kirara-miracle/2014/01/11304/
kirara-miracle,2014,2,https://www.dokidokivisual.com/magazine/kirara-miracle/2014/02/11305/
kirara-miracle,2014,3,https://www.dokidokivisual.com/magazine/kirara-miracle/2014/03/11306/
kirara-miracle,2014,4,https://www.dokidokivisual.com/magazine/kirara-miracle/2014/04/11307/
kirara-miracle,2014,5,https://www.dokidokivisual.com/magazine/kirara-miracle/2014/05/11308/
kirara-miracle,2014,6,https://www.dokidokivisual.com/magazine/kirara-miracle/2014/06/11309/
kirara-miracle,2014,7,https://www.dokidokivisual.com/magazine/kirara-miracle/2014/07/11310/
kirara-miracle,2014,8,https://www.dokidokivisual.com/magazine/kirara-miracle/2014/08/11311/
kirara-miracle,2014,9,https://www.dokidokivisual.com/magazine/kirara-miracle/2014/09/11312/
kirara-miracle,2014,10,https://www.dokidokivisual.com/magazine/kirara-miracle/2014/10/11313/
kirara-miracle,2014,11,https://www.dokidokivisual.com/magazine/kirara-miracle/2014/11/11314/
kirara-miracle,2014,12,https://www.dokidokivisual.com/magazine/kirara-miracle/2014/12/11315/
kirara-miracle,2015,1,https://www.dokidokivisual.com/magazine/kirara-miracle/2015/01/11316/
kirara-miracle,2015,2,https://www.dokidokivisual.com/magazine/kirara-miracle/2015/02/11317/
kirara-miracle,2015,3,https://www.dokidokivisual.com/magazine/kirara-miracle/2015/03/11318/
kirara-miracle,2015,4,https://www.dokidokivisual.com/magazine/kirara-miracle/2015/04/11319/
kirara-miracle,2015,5,https://www.dokidokivisual.com/magazine/kirara-miracle/2015/05/11320/
kirara-miracle,2015,6,https://www.dokidokivisual.com/magazine/kirara-miracle/2015/06/11321/
kirara-miracle,2015,7,https://www.dokidokivisual.com/magazine/kirara-miracle/2015/07/11322/
kirara-miracle,2015,8,https://www.dokidokivisual.com/magazine/kirara-miracle/2015/08/11323/
kirara-miracle,2015,9,https://www.dokidokivisual.com/magazine/kirara-miracle/2015/09/11324/
kirara-miracle,2015,10,https://www.dokidokivisual.com/magazine/kirara-miracle/2015/10/11325/
kirara-miracle,2015,11,https://www.dokidokivisual.com/magazine/kirara-miracle/2015/11/11326/
kirara-miracle,2015,12,https://www.dokidokivisual.com/magazine/kirara-miracle/2015/12/11327/
kirara-miracle,2016,1,https://www.dokidokivisual.com/magazine/kirara-miracle/2016/01/11328/
kirara-miracle,2016,2,https://www.dokidokivisual.com/magazine/kirara-miracle/2016/02/11329/
kirara-miracle,2016,3,https://www.dokidokivisual.com/magazine/kirara-miracle/2016/03/11330/
kirara-miracle,2016,4,https://www.dokidokivisual.com/magazine/kirara-miracle/2016/04/11331/
kirara-miracle,2016,5,https://www.dokidokivisual.com/magazine/kirara-miracle/2016/05/11332/
kirara-miracle,2016,6,https://www.dokidokivisual.com/magazine/kirara-miracle/2016/06/11333/
kirara-miracle,2016,7,https://www.dokidokivisual.com/magazine/kirara-miracle/2016/07/11334/
kirara-miracle,2016,8,https://www.dokidokivisual.com/magazine/kirara-miracle/2016/08/11335/
kirara-miracle,2016,9,https://www.dokidokivisual.com/magazine/kirara-miracle/2016/09/11336/
kirara-miracle,2016,10,https://www.dokidokivisual.com/magazine/kirara-miracle/2016/10/11337/
kirara-miracle,2016,11,https://www.dokidokivisual.com/magazine/kirara-miracle/2016/11/11338/
kirara-miracle,2016,12,https://www.dokidokivisual.com/magazine/kirara-miracle/2016/12/11339/
kirara-miracle,2017,1,https://www.dokidokivisual.com/magazine/kirara-miracle/2017/01/11340/
kirara-miracle,2017,2,https://www.dokidokivisual.com/magazine/kirara-miracle/2017/02/11341/
kirara-miracle,2017,3,https://www.dokidokivisual.com/magazine/kirara-miracle/2017/03/11342/
kirara-miracle,2017,4,https://www.dokidokivisual.com/magazine/kirara-miracle/2017/04/11343/
kirara-miracle,2017,5,https://www.dokidokivisual.com/magazine/kirara-miracle/2017/05/11344/
kirara-miracle,2017,6,https://www.dokidokivisual.com/magazine/kirara-miracle/2017/06/11345/
kirara-miracle,2017,7,https://www.dokidokivisual.com/magazine/kirara-miracle/2017/07/11346/
kirara-miracle,2017,8,https://www.dokidokivisual.com/magazine/kirara-miracle/2017/08/11347/
kirara-miracle,2017,9,https://www.dokidokivisual.com/magazine/kirara-miracle/2017/09/11348/
kirara-miracle,2017,10,https://www.dokidokivisual.com/magazine/kirara-miracle/2017/10/11349/
kirara-miracle,2017,11,https://www.dokidokivisual.com/magazine/kirara-miracle/2017/11/11350/
kirara-miracle,2017,12,https://www.dokidokivisual.com/magazine/kirara-miracle/2017/12/11351/
